id,姓名,头像地址,知乎地址
cb272aac57f66ad07be58199d4329e3e,肉肉不吃肉,https://pic4.zhimg.com/v2-41e4f3ee8793f9ba1d8715a007edddb5_is.jpg,https://www.zhihu.com/people/hu-jiong-yi
ac41741327809030783a3b62f8cf08bc,林汐,https://pic3.zhimg.com/v2-1e505c75a4a3cbb28af814dc49643885_is.jpg,https://www.zhihu.com/people/lin-xi-31-49
ca0d89d1a2b0590e1a6234749131a127,lamborghinwl,https://pic2.zhimg.com/918084075a0e82485abbbfeebfe1040a_is.jpg,https://www.zhihu.com/people/lamborghinwl
3df4a90761ae81cc66d1e5f8c440f8e0,达达大嗒嗒,https://pic4.zhimg.com/v2-7bf7adde372df34bc4807d17a7aa9f42_is.jpg,https://www.zhihu.com/people/ji-2
0cc89a4de9694c9d76114ee81032cca5,七凌八乱,https://pic3.zhimg.com/v2-c6295a409f3e469291c62f22704f8678_is.jpg,https://www.zhihu.com/people/ling-bao-wan-73
bbdaaf38c7a1f1e75e9b18691f9f483b,星海相映,https://pic3.zhimg.com/v2-bc1ea152d9b790ef1313ea6971e1f1bd_is.jpg,https://www.zhihu.com/people/xing-hai-xiang-ying
4a38388b156454c530de7925a916f6c0,宏图伟业,https://pic4.zhimg.com/v2-c694541ecbf44bd86befc3dd7311de56_is.jpg,https://www.zhihu.com/people/hong-tu-wei-ye-90
218b047616014af238e88171413a910b,猪事顺利,https://pic1.zhimg.com/v2-043da7aff5abcb5cfc770f2f6afa99f8_is.jpg,https://www.zhihu.com/people/zhu-shi-shun-li-41-35
c23e1456bb51d7e78ef5ba27c84025dd,显示器的可乐,https://pic1.zhimg.com/v2-e16c607469da41c08a26b779be92596c_is.jpg,https://www.zhihu.com/people/xian-shi-qi-a
5d0578555c509419b599aab5428e75df,Sssss2014,https://pic2.zhimg.com/v2-1676c342346e6aec6c5d65f440366b5a_is.jpg,https://www.zhihu.com/people/bi-v-86
c24faf5cccbccddf053c81965b61d4bd,青霞仙子,https://pic4.zhimg.com/da8e974dc_is.jpg,https://www.zhihu.com/people/qing-xia-xian-zi-48
9f6223213504e7215970559f65e7b6ea,爱你的萌子小哥哥,https://pic1.zhimg.com/v2-70c03b831844cc1a4d8a05ea813abe03_is.jpg,https://www.zhihu.com/people/ai-ni-de-meng-zi-xiao-ge-ge
2099ec9a2a7efaba5dfb32a2cddb7dc7,宁做我,https://pic4.zhimg.com/v2-5f926317fba8237f818825084f371fd3_is.jpg,https://www.zhihu.com/people/brzheng
9bfc864a5834a558a73ef59c7f5e61d0,YH WANG,https://pic3.zhimg.com/v2-0a7cd7b9cd2704148b5bd1e42733f2aa_is.jpg,https://www.zhihu.com/people/yh-wang-80
662f8437606670bbc89477d779073bb7,yourneck,https://pic1.zhimg.com/v2-480176d602f3b06d41107da3b2478889_is.jpg,https://www.zhihu.com/people/wang-dong-zhen-96
1ae51f495c58618c533c47ed467b8246,麻椒鸡米饭,https://pic4.zhimg.com/v2-f80237ef5985e87c671e390776f00114_is.jpg,https://www.zhihu.com/people/ma-jiao-ji-mi-fan
52fd5e5b066f11edba6e78c9bb717860,之乎者也,https://pic3.zhimg.com/v2-21ba100540e31bf39d507525ae25edd7_is.jpg,https://www.zhihu.com/people/zhi-hu-zhe-ye-49-54-95
02bf46815e7a4f4d61a42660674724b0,韩谋,https://pic4.zhimg.com/da8e974dc_is.jpg,https://www.zhihu.com/people/han-mou-6
e10b16c5440f76c913e1a9ffb1cd6bd3,克隆羊,https://pic4.zhimg.com/da8e974dc_is.jpg,https://www.zhihu.com/people/ke-long-yang-27-5
bfeb280f600fa5dad420194d4d8c7422,笑笑,https://pic1.zhimg.com/v2-8fde3ea41a4196391d5ed659a6f216b3_is.jpg,https://www.zhihu.com/people/feng-xiao-xiao-57
7191b97ee0fd08cf36e651d515966424,逍遥自在,https://pic4.zhimg.com/v2-e1baa606364a2df6164ce0d44a03dbdc_is.jpg,https://www.zhihu.com/people/li-feng-51-15-80
ba01bae5a02bf78d8af75ca6036283e6,cottom,https://pic4.zhimg.com/v2-b310d266f56cff4fc5f1e720022f32a3_is.jpg,https://www.zhihu.com/people/ni-ni-82-63-9
a1488cbe592e444df9e08a37b0a68417,卡卡,https://pic4.zhimg.com/da8e974dc_is.jpg,https://www.zhihu.com/people/qia-qia-69-96-22
db68c2fdd59a26f1bc70025ca4b1011e,本就一样,https://pic4.zhimg.com/da8e974dc_is.jpg,https://www.zhihu.com/people/ben-jiu-yi-yang
b0417233b5e6d12374caf4535c9ce03f,Jony何群,https://pic2.zhimg.com/v2-914fc5c4a27ef52212b86d8b0cbc44a2_is.jpg,https://www.zhihu.com/people/jonyhe-qun
7411e640de2787393ef8bb427389cd44,杨泽潮,https://pic3.zhimg.com/f116d533f_is.jpg,https://www.zhihu.com/people/yangzechao
14cce1f0a7cafa80db71f57d47c41ea9,chou,https://pic2.zhimg.com/44b2b41630878b1fab3f8ab6a2b0d6b5_is.jpg,https://www.zhihu.com/people/chou-57
a5e6928c0fe5640d02e6f472fc13b884,轩轩轩,https://pic3.zhimg.com/v2-4ce2b08e71ed89d061f874d15837e371_is.jpg,https://www.zhihu.com/people/xuan-xuan-xuan-34-7
b510e864fc83272ba6407883572f87fa,泥潭之人,https://pic4.zhimg.com/v2-14e1c60c4e6de6c4fcab7972766d64a4_is.jpg,https://www.zhihu.com/people/ni-tan-zhi-ren
fc0de2bcf94d47b4b1d01198d34dde1f,爱刘悦很久,https://pic1.zhimg.com/v2-19516bcce7cbcfdb24dc1b01da2e9ab4_is.jpg,https://www.zhihu.com/people/ai-liu-yue-hen-jiu
a246adb7c684c6f124609743c989ba86,天天,https://pic3.zhimg.com/v2-fd07c924649064f0e5279037d3205911_is.jpg,https://www.zhihu.com/people/tian-tian-8-90-41
1274a23a20e999afa79f5e7f40dc7523,高生王,https://pic2.zhimg.com/v2-b66b07a660a85af08d25844ff397b940_is.jpg,https://www.zhihu.com/people/gao-sheng-wang-40
5a53a4fc85e63e0510f9f0dd639d9ad6,静静静静静静,https://pic4.zhimg.com/v2-6f3db7b9b4312c2c13c8ba6532aecd98_is.jpg,https://www.zhihu.com/people/jing-jing-jing-jing-jing-jing-69-95
63a3c97d9c72de4ab4c2fc6b3c1763a1,Summer杨浩,https://pic4.zhimg.com/v2-1004d72dc9bfe8744dd74d57cca24dea_is.jpg,https://www.zhihu.com/people/summeryang-hao
f41064f7effae0883d030dc6de66d1d0,釗垚,https://pic3.zhimg.com/v2-b12f30ab6a14d91bcb3cdb5f4a93097e_is.jpg,https://www.zhihu.com/people/zhao-yao-72-4
8616402e7b113ec08e513bac9064aa05,白夜中的小雨,https://pic1.zhimg.com/v2-dacbd95feb8f0e6639884d105a9b039e_is.jpg,https://www.zhihu.com/people/bi-ge-50-83
da2a8bb97d0dab3fd3d7ac77baaec101,北经管李小浪,https://pic1.zhimg.com/v2-2dfebdff12761ba11f88b09bd6a41c37_is.jpg,https://www.zhihu.com/people/li-xiao-long-9-56
f22822d3afac8e6641fbd62451fcc00c,九夏,https://pic3.zhimg.com/v2-e286d4e3ab804e193a5c79b53b5d8a3d_is.jpg,https://www.zhihu.com/people/jiu-xia-44-93
a9dfd8340d9afcf915e1f61ff972723c,昌鹏装饰,https://pic4.zhimg.com/da8e974dc_is.jpg,https://www.zhihu.com/people/chang-peng-zhuang-shi
51af1b9107f02248e616ccf21337424a,樊帆,https://pic2.zhimg.com/a07db308b89460c4fe675cda3ebdeb0a_is.jpg,https://www.zhihu.com/people/fan-fan-36-58
3206859514b560bd68ce8624dddd6c69,大水,https://pic4.zhimg.com/da8e974dc_is.jpg,https://www.zhihu.com/people/zhao-xiao-shu-99
e13eb6591cd06e55bc3097923635f633,sometimeswe,https://pic4.zhimg.com/da8e974dc_is.jpg,https://www.zhihu.com/people/sometimeswe
2f2732a5b7079ced29db813d029abf18,不耻下问,https://pic4.zhimg.com/da8e974dc_is.jpg,https://www.zhihu.com/people/bu-chi-xia-wen-4-29
ad3afec4c7c19499b8fafafc8662a747,鞋子和电脑,https://pic3.zhimg.com/v2-a1fe4ebc11c629c284142cfe8df4d7df_is.jpg,https://www.zhihu.com/people/xie-zi-he-dian-nao
a5db406d08f1e3d2b83e6f84cd845874,王彩琴律师,https://pic4.zhimg.com/da8e974dc_is.jpg,https://www.zhihu.com/people/wang-cai-qin-lu-shi
8ce655913698f79822315e16ee64cd4d,最傻的人,https://pic2.zhimg.com/c6515fb93d0d8b5b7cfe7404f1285af8_is.jpg,https://www.zhihu.com/people/zui-sha-de-ren
045243dfa201f9175409f04cab6af427,全日剑,https://pic4.zhimg.com/v2-b442e9c6ab37826199bfcad528b9ec03_is.jpg,https://www.zhihu.com/people/ni-de-huo-ge-58
af8fd0d5b5f98e278ade4619374609b6,NeosLee,https://pic4.zhimg.com/da8e974dc_is.jpg,https://www.zhihu.com/people/neoslee
5b697f711537ea9c20f23ab59f50e6a5,略懂略懂的钱多多,https://pic4.zhimg.com/v2-54194a0e2621299f5fed0131255ee4e8_is.jpg,https://www.zhihu.com/people/lue-dong-lue-dong-de-qian-duo-duo
4b7bfaf632272751a989a14176c1470b,瓦善雅,https://pic3.zhimg.com/v2-832fe89bbc0da2c90f057a47ca2b9541_is.jpg,https://www.zhihu.com/people/wa-shan-ya
55184ec0768ca9531594ab63fbc6cd47,不吃辣,https://pic4.zhimg.com/v2-fbaaa6498d6bd8f93e40db1d04f31d6d_is.jpg,https://www.zhihu.com/people/cai-xue-qin-78
fa7f7ed94a2c4ad5b964edf820ec45c6,吴耀文,https://pic4.zhimg.com/da8e974dc_is.jpg,https://www.zhihu.com/people/wu-yao-wen-79
f4d8931920fc6fb5b8b97637916d592b,李工科,https://pic2.zhimg.com/48e9d223977a0d8582e1a4ece91a53e0_is.jpg,https://www.zhihu.com/people/li-gong-ke-93
78d0396fda2e76c5e7929162b3d4e661,马尚,https://pic3.zhimg.com/b9f4b2db1f0e9c5ce103df1b0284a3a7_is.jpg,https://www.zhihu.com/people/ma-shang-37-35
618c5aaa18bed15f6f42e481e8aaea45,老徐家小子,https://pic2.zhimg.com/v2-59b2a706c2483dff050ee039c86d963a_is.jpg,https://www.zhihu.com/people/lao-xu-jia-xiao-zi
e45fa2f5af5a740e2cfc895788a020b2,知识改变不了自己,https://pic4.zhimg.com/da8e974dc_is.jpg,https://www.zhihu.com/people/zhi-shi-gai-bian-bu-liao-zi-ji
37f489e10a8bdb9d7ad29ce9c38a3910,xiya,https://pic3.zhimg.com/v2-50060acce866b55ae56e8625f9ed76df_is.jpg,https://www.zhihu.com/people/xiya-53
6b11f6e2fd2fed9578467bf465c7f21a,云和溯素,https://pic2.zhimg.com/599c431818009d5e7183d62c0da427d0_is.jpg,https://www.zhihu.com/people/yun-he-su-su
7060362b274348142a4c99813a0cb3d2,狄龙,https://pic2.zhimg.com/v2-14769c0a3f52377e73055a892f8578c4_is.jpg,https://www.zhihu.com/people/zhui-meng-shao-nian-64-90
c4c5e312d27c70931151607cd2752f70,孤独小狼,https://pic3.zhimg.com/v2-55f784caec2b95c6899f36f3d101fe41_is.jpg,https://www.zhihu.com/people/gu-du-xiao-lang-58
30d3c69b7199fae70bdf12a18c711ee2,233lol,https://pic4.zhimg.com/da8e974dc_is.jpg,https://www.zhihu.com/people/233lol
a53f41ba4b6bed31ee356dde0dd48c33,奈须蘑菇,https://pic4.zhimg.com/v2-233b92d53b6253f272e4dc2c91a3fcb5_is.jpg,https://www.zhihu.com/people/nai-xu-mo-gu-18
236d1de65df31786e0ab84ce7816748e,玉小雁,https://pic2.zhimg.com/5dff00149_is.jpg,https://www.zhihu.com/people/PMCafe
00b67d3beae929b2207971f090506096,伪知识分子,https://pic2.zhimg.com/d38d52f23e1baefc2a78263ed7c7bbb0_is.jpg,https://www.zhihu.com/people/tang-cheng-jie-34-18
0259a723c8d83bdfd4fb8a01272aa9ad,山大王,https://pic4.zhimg.com/da8e974dc_is.jpg,https://www.zhihu.com/people/shan-da-wang-60-57
c00ef7bc048bd253b823053fa5847d69,RIVER,https://pic1.zhimg.com/v2-3fd29018c465a7ee9c8777fca5640af9_is.jpg,https://www.zhihu.com/people/mr-jiang-20
a6c418873a039b81ba2b62b7c895965f,Brook Road,https://pic3.zhimg.com/v2-1c6a3f29cae55d832c509ccd49fbe42a_is.jpg,https://www.zhihu.com/people/xing-kong-31-72
1bb1ee85350b4fd2698f77204ef06052,阳阳,https://pic4.zhimg.com/da8e974dc_is.jpg,https://www.zhihu.com/people/yang-yang-12-66-11
2d194171e19f60bf8984053d0fbfb6a2,wywj,https://pic1.zhimg.com/v2-0e586e01faf472cfccc2be3059d47672_is.jpg,https://www.zhihu.com/people/wywj-88
43674554b650dcacbe58fc7e3bb5369e,宫海泽,https://pic4.zhimg.com/da8e974dc_is.jpg,https://www.zhihu.com/people/gong-hai-ze-65
4419de0859304b78c14fbc92a5dd61e8,求问求稳,https://pic4.zhimg.com/da8e974dc_is.jpg,https://www.zhihu.com/people/qiu-wen-qiu-wen-88
66fda666bde2c240d239eb04b009590a,晚上打小偷,https://pic3.zhimg.com/v2-bd21b53faeb05c26f0776a70d59ca1c8_is.jpg,https://www.zhihu.com/people/wan-shang-da-xiao-tou
340905d18c8d1c499bbd69a0a1edfbec,simon,https://pic4.zhimg.com/da8e974dc_is.jpg,https://www.zhihu.com/people/simon-80-53
7f6be7c5e4f38aa20a64d050f58f0d4a,小疯子,https://pic1.zhimg.com/v2-538160e16ede62796173a5b06435b7a9_is.jpg,https://www.zhihu.com/people/xiao-feng-zi-55-15
52cbaa8495b2da3d8c041e49d0dfc697,胡啦啦啦卡,https://pic4.zhimg.com/da8e974dc_is.jpg,https://www.zhihu.com/people/hu-la-la-la-qia
a6ec1621be84a97b6b8f244d83764b08,青易浮尘梦,https://pic4.zhimg.com/da8e974dc_is.jpg,https://www.zhihu.com/people/qing-yi-fu-chen-meng-78
604b82058ca6e81b2c44643000d8447d,跟自己说说话,https://pic2.zhimg.com/v2-ddfad98b5660a1d7e7320437ce5a64df_is.jpg,https://www.zhihu.com/people/gen-zi-ji-shuo-shuo-hua
663981ee6e5b92ac6aa8faed740a4ff9,John Feng,https://pic1.zhimg.com/f17e9b5e4_is.jpg,https://www.zhihu.com/people/john-feng-15
dedafb9b1d70b881fb15f1f34f94be82,夜莺一线天,https://pic4.zhimg.com/da8e974dc_is.jpg,https://www.zhihu.com/people/qi-heng-71-74
29c24ad095f46cdefeccb8dc40ffc9db,hhxx,https://pic4.zhimg.com/da8e974dc_is.jpg,https://www.zhihu.com/people/hhxx-6-7
02c90e539ae96ada4c18ffedaffbdadf,袁生,https://pic1.zhimg.com/f0995635fae4f69621cf99043982edda_is.jpg,https://www.zhihu.com/people/yuan-sheng-47-55
ad46cf691e01fdb2f48f8335fa425309,一曲凤求凰,https://pic2.zhimg.com/v2-39a356064e2f8ac6343c4517db321a5e_is.jpg,https://www.zhihu.com/people/zhang-wen-xuan-29-91
0e51e9410a4c5bf0622ed1f267dc34bd,白羽大叔,https://pic3.zhimg.com/v2-b8be3335dc24c10ae272a3c317883b58_is.jpg,https://www.zhihu.com/people/bai-yu-da-shu-2
c3485af05f50c3764cc56e32de6ef440,Max Guo,https://pic2.zhimg.com/500948f09c185fc9e896188742e3b720_is.jpg,https://www.zhihu.com/people/111-55-74
4f3d80835cf9702e857a030818b3d5ad,春在远方,https://pic4.zhimg.com/v2-16b243c391920bf5d428d62641fb4d65_is.jpg,https://www.zhihu.com/people/chun-zai-yuan-fang
91f2c5a2a11887503d26127035115d92,恋家的老猫,https://pic4.zhimg.com/da8e974dc_is.jpg,https://www.zhihu.com/people/lian-jia-de-lao-mao
95094eafb4bac7f38f5e4dff0ee7a4ac,经纬,https://pic4.zhimg.com/165ce2dc626686e7f7533ad13cb91389_is.jpg,https://www.zhihu.com/people/jingweir
f972724d78886363aaa6e2e7a7789d0c,又双叒叕,https://pic1.zhimg.com/v2-ea36c619e440fa740c0efe63861d463a_is.jpg,https://www.zhihu.com/people/you-shuang-ruo-zhuo-38-4
304eb621f670556eb42e0ba6d733a95a,Milk,https://pic3.zhimg.com/v2-3d938d982f0997eb593342df9146c104_is.jpg,https://www.zhihu.com/people/milk-83-82
34f4e95aa6763eef53bd08beb84ac2ca,ixixone,https://pic4.zhimg.com/v2-f01aa2425988aa3ed87a9ac8eac416e4_is.jpg,https://www.zhihu.com/people/ixixone
72013dbb222e0bb8c00cf4d30591b96f,哈哈哈哈哈哈,https://pic4.zhimg.com/da8e974dc_is.jpg,https://www.zhihu.com/people/ha-ha-ha-ha-ha-ha-28-74
9727a53208534135b6fe8779e9852033,带头狼,https://pic1.zhimg.com/v2-7aeea95cd35c34cc3e018e368587e03f_is.jpg,https://www.zhihu.com/people/dai-tou-lang
ef7aea082f6cfbb9ebf514d183337ca0,亿顺机械刘经理,https://pic1.zhimg.com/v2-94ab02ded8f18e64d634c6daeef114ef_is.jpg,https://www.zhihu.com/people/yi-shun-ji-jie-liu-jing-li
8bf20946541abb0b1a962152a4e40536,青哥,https://pic4.zhimg.com/v2-4b4c21b2bafe025a6dfa3a5f988ef6bc_is.jpg,https://www.zhihu.com/people/qing-ge-52-3-43
81b6835fbbe3342a2ea53982120bd182,嬬瑠,https://pic3.zhimg.com/v2-98ca22f45eb56c075036c728f49d8879_is.jpg,https://www.zhihu.com/people/xu-liu-41-50
8037f96a96c0ccf44bee9330457021c2,夜涩,https://pic4.zhimg.com/da8e974dc_is.jpg,https://www.zhihu.com/people/ye-se-17-30
d19c67f83b4ed7ff3d42da71e3827b2d,改改,https://pic2.zhimg.com/v2-6a9f208adfaf5041fe762423c233b77e_is.jpg,https://www.zhihu.com/people/wan-wei-37-6-9
30b64fd006b05d1c67dd5e1de6df1033,Echo,https://pic4.zhimg.com/v2-dd2ab663e5339b3204339db5b646ec87_is.jpg,https://www.zhihu.com/people/echo-48-88-80
2135f126703cd7edcff83fb92adafef1,ppdog,https://pic3.zhimg.com/v2-0881e0ea6f7619c3c5ca71021ea3cfc6_is.jpg,https://www.zhihu.com/people/li-xing-cheng-22
b2beca4b8375f067a4a212ab243d9dfb,Q知欲,https://pic4.zhimg.com/da8e974dc_is.jpg,https://www.zhihu.com/people/fan-bo-zhe-89
70add836b9e5493c24d734caf58b7dea,Hanyang Ma,https://pic2.zhimg.com/9dc9f989b79011d8a06b26fbd12ab02c_is.jpg,https://www.zhihu.com/people/ma-han-yang-37
5480633b7ac82735096aaad897cad1ca,啸慴,https://pic4.zhimg.com/da8e974dc_is.jpg,https://www.zhihu.com/people/xiao-she-87-3
6467f87940836943f75de569f7fdf732,Acer,https://pic4.zhimg.com/v2-60fdd3165154952077b4f83cc49fac0c_is.jpg,https://www.zhihu.com/people/zheng-qiu-12-1
f63fd217d0daee87728db8dd5ae6464c,雪舞天殇,https://pic4.zhimg.com/v2-543a6c990cfbc4dd99f231fe41dd11dd_is.jpg,https://www.zhihu.com/people/xue-wu-tian-shang
f05679c39f57cd39156aa3a889eaeb05,zealothu,https://pic4.zhimg.com/da8e974dc_is.jpg,https://www.zhihu.com/people/alex1985
4a3d4c03de27cccd9f8595f701507d4e,若腾,https://pic3.zhimg.com/v2-9391b400ecf286bede5ec93f72a1cc01_is.jpg,https://www.zhihu.com/people/ruo-teng-55
d1f532db0962c6a7738b28df5b4d3522,寒蝉鸣,https://pic4.zhimg.com/da8e974dc_is.jpg,https://www.zhihu.com/people/han-chan-ming-88
18f3b8018bfa180f18c03e88fe586eec,mapro-zhihu,https://pic3.zhimg.com/v2-7838964726d795bc3dcca4368fdb73c7_is.jpg,https://www.zhihu.com/people/han-dong-ze-24
bf5870d782e0f7d4ec370a220d7cded5,司里章,https://pic4.zhimg.com/da8e974dc_is.jpg,https://www.zhihu.com/people/si-li-zhang-81
40a8ea7eb7d6427e1690d7ee9d954f05,还我伞,https://pic3.zhimg.com/v2-459a0798b4483db8b625e8a23cae55dd_is.jpg,https://www.zhihu.com/people/xia-he-xia-he-64
0dab7de7155f989a19b6fed75c59ebfb,JakeHan,https://pic4.zhimg.com/v2-b6630da2cf6bbc459b02747964b4acc4_is.jpg,https://www.zhihu.com/people/cao-jing-xuan-22
6b705da6cd7a9097e00c2b63c5bd884b,不如流浪,https://pic2.zhimg.com/v2-9c7e5d9180612850f72a1d3ea8411d30_is.jpg,https://www.zhihu.com/people/bu-ru-liu-lang-80
2704c93363995b0cc4e46bbd1d10dbd2,whylove,https://pic4.zhimg.com/da8e974dc_is.jpg,https://www.zhihu.com/people/whylove-69
dc810fef19eab8ad9e106a99a1d90b00,lonely,https://pic3.zhimg.com/v2-0797c703ea0aec5bb577dff7d529161d_is.jpg,https://www.zhihu.com/people/lonely-20-96
244d96fdc011de2ed7cd9abeb5d644cf,Alz丶,https://pic1.zhimg.com/v2-2f6bbc9f39084f100643676492c33900_is.jpg,https://www.zhihu.com/people/peng-liang-47-8
a12ccfbfd01c5da511f7c1ce79c632d5,丑胖鹅,https://pic4.zhimg.com/v2-4895ec252d613b8a5c0b7ac4516a2b5b_is.jpg,https://www.zhihu.com/people/chou-pang-e
fe2ecd69fd9a9b6fe0d41dc93c18283f,k0ng,https://pic4.zhimg.com/v2-6a3d417c5a4e8d251e6af38c1c7f8ed0_is.jpg,https://www.zhihu.com/people/kozenzei
7df2b4a74512165af2839ffce81f0d0d,郑大先生,https://pic2.zhimg.com/v2-05f984128152321ae378b493c3f87c3c_is.jpg,https://www.zhihu.com/people/wei-shi-ren-zheng-xian-sheng
141b78a494af4a703e902c904f3e3c64,Forming,https://pic4.zhimg.com/da8e974dc_is.jpg,https://www.zhihu.com/people/forming-34
8a9d30a74485d852f567d98b316c55a6,chaofanhub,https://pic4.zhimg.com/da8e974dc_is.jpg,https://www.zhihu.com/people/shen-chao-67-83
dca9dc793b4b65dc4fdc68803358519b,多少,https://pic4.zhimg.com/v2-3b659998100bf9d4de1b37197ce05ea5_is.jpg,https://www.zhihu.com/people/hyman-72-63
93dcaf783009905b68931d83de66a3cf,461370992,https://pic4.zhimg.com/da8e974dc_is.jpg,https://www.zhihu.com/people/461370992
2aa2c1b0302fcf23f69450e3bfea49ff,欢乐太子爷,https://pic4.zhimg.com/v2-eee60fefda48632a1f568ca0239e8c38_is.jpg,https://www.zhihu.com/people/xing-ming-36-25
ca42014ea83d2d6f909e9eb8a21b6cbb,匠心,https://pic4.zhimg.com/da8e974dc_is.jpg,https://www.zhihu.com/people/devi-84
7faeb0a9609da1623a310085965b6a9b,指尖划过流年,https://pic3.zhimg.com/v2-81a4d61472885edbf1d2e5a37f596a24_is.jpg,https://www.zhihu.com/people/zhi-jian-hua-guo-liu-nian-2
f15bd3e28c671636364ec9a889ac41e3,花骨朵儿,https://pic4.zhimg.com/v2-aff0091b73363ac3aac82d89f3593b66_is.jpg,https://www.zhihu.com/people/hua-gu-duo-er-52-73
b5b2332af11b73c7e7dcd05cbfd9cbef,243939885,https://pic4.zhimg.com/v2-064ec77e82f84b35e36cd637c8e879d9_is.jpg,https://www.zhihu.com/people/243939885
07a608f7d84302a09c7090a5b7e876e9,Zenn,https://pic4.zhimg.com/v2-6d17b9a3c68ac01f4a640182dab251cc_is.jpg,https://www.zhihu.com/people/zhan-lang-123456
f7d8965c01ce4bf4ed6448040a755d8f,那个叫秋阳,https://pic1.zhimg.com/v2-c6807d541835566968c56f7d21b0ec79_is.jpg,https://www.zhihu.com/people/na-ge-jiao-qiu-yang
d5fb63712a4a5bea373d40a297331ea9,上善若水,https://pic4.zhimg.com/da8e974dc_is.jpg,https://www.zhihu.com/people/shang-shan-ruo-shui-41-47-77
64a5e54e9af19151f7b62b707b360da0,唐钰小宝s,https://pic4.zhimg.com/da8e974dc_is.jpg,https://www.zhihu.com/people/tang-yu-xiao-bao-s
1676ff89488e7e84ba5796c6aeb026b1,Crane,https://pic4.zhimg.com/da8e974dc_is.jpg,https://www.zhihu.com/people/crane-21-28
5e9aa270529e03a5e148485f215697dd,铃兰,https://pic3.zhimg.com/v2-0e17e7dff917b735f9c72df56a02ff5b_is.jpg,https://www.zhihu.com/people/ling-lan-24-77
7c3aa195d4baa3c265b43718ae1c18fa,咔咔卡兜兜,https://pic1.zhimg.com/v2-069728bb8c00c473be34dd40b75cfec7_is.jpg,https://www.zhihu.com/people/w-s-x96
37bf1c11a46829d8b7ad320725453435,Wind,https://pic2.zhimg.com/v2-ffa4465fd6132b76140f2cf4daebed53_is.jpg,https://www.zhihu.com/people/ding-xian-zhuang
9319a8f1706bf5a86a229d777246fe9f,impossible91,https://pic4.zhimg.com/da8e974dc_is.jpg,https://www.zhihu.com/people/impossible91
0a9327104f496269c3edd27c779812c8,嘚啵嘚啵,https://pic4.zhimg.com/da8e974dc_is.jpg,https://www.zhihu.com/people/de-bo-de-bo-59-75
b88724a5af79aa639279e0b9e581657c,雷雷雷雷狮,https://pic4.zhimg.com/v2-626033fd20d62ddac35be2bdf2992367_is.jpg,https://www.zhihu.com/people/chui-xiong-xiong
dbc7889ec8ea4d105701c3e96451fca5,sunshinelalala,https://pic4.zhimg.com/da8e974dc_is.jpg,https://www.zhihu.com/people/sunshinelalala
da3bd0f8785da83411330f71a00610a6,拒绝幻想,https://pic3.zhimg.com/v2-3b66112103922ad0db63617652058ed7_is.jpg,https://www.zhihu.com/people/song-jia-wei-57-52
98086c2e20efe3b64fd2cd8265687db8,胡棉雄,https://pic4.zhimg.com/da8e974dc_is.jpg,https://www.zhihu.com/people/hu-mian-xiong
8332e29446fbf1e484a93096de77f606,judy,https://pic3.zhimg.com/v2-7ab39f617220159131c1f22eaf96907c_is.jpg,https://www.zhihu.com/people/judy-48-98
d0aa6e0bb08655b9a59ee7e98ce3a392,leon,https://pic4.zhimg.com/da8e974dc_is.jpg,https://www.zhihu.com/people/leon-97-52-42
dbd052352077b6ff7013d9a1152951b4,加利福尼亚小马,https://pic1.zhimg.com/v2-6b6b1a44fa98a183f802d4658e1010d6_is.jpg,https://www.zhihu.com/people/jia-li-fu-ni-ya-xiao-ma
ec0b781c15a72af58bd0e7aa527554ee,mmmmmmmmo,https://pic3.zhimg.com/v2-8b9c2c82db73d14f09f3941b35da255d_is.jpg,https://www.zhihu.com/people/mmmmmmmmo-7
5783c2bff33bed08202f5c3732ae53b5,挖掘机小王子,https://pic1.zhimg.com/v2-e55ed15cc95723872a77e4cb802dd269_is.jpg,https://www.zhihu.com/people/WaJueJiPrince
0dcf6c3d5963ca4645b92ba0216bf6ef,鲁莉,https://pic4.zhimg.com/bfaba2ef643fb0df3af13fd71c5c1a9d_is.jpg,https://www.zhihu.com/people/lu-li-76-16
84a0287a89e764eae156f00e33996305,凤雅阁,https://pic4.zhimg.com/da8e974dc_is.jpg,https://www.zhihu.com/people/feng-ya-ge-55
07e8b60b0a0130d450ba2e61c1cc3ad4,cjjjj,https://pic4.zhimg.com/da8e974dc_is.jpg,https://www.zhihu.com/people/cjjjj-19-52
90c620e96bfabfd4b1026f2ddca87479,大陶,https://pic4.zhimg.com/da8e974dc_is.jpg,https://www.zhihu.com/people/da-tao-32-69
42fa2ab9f011903a4e33877c954bb89d,史迪仔,https://pic2.zhimg.com/v2-0f744c11a9b11f79c783d2fe2d01f22e_is.jpg,https://www.zhihu.com/people/Wordsmisunderstood
169c1e528e0e2b71bbffbc226c6c08d7,一个高中生,https://pic3.zhimg.com/v2-d399967c72c66f446617e600420131db_is.jpg,https://www.zhihu.com/people/wei-xu-jie-21
997d59c5c01302d0007562956ebc40fc,蓝诺,https://pic4.zhimg.com/da8e974dc_is.jpg,https://www.zhihu.com/people/lan-nuo-43
567027b187035e5cd6eac26d4136b663,山上人,https://pic4.zhimg.com/da8e974dc_is.jpg,https://www.zhihu.com/people/shan-shang-ren-64
936de38ccb2f69dbb2ad370e90718317,趁晴天,https://pic1.zhimg.com/v2-bed9538edc6b0bd3119318cc49bbe62d_is.jpg,https://www.zhihu.com/people/chen-qing-tian-33-15
a9a2969f170fb8c3727273e3c02a7df4,丁香空结,https://pic4.zhimg.com/v2-d6397bb8b5b577da16bc08b636a17f82_is.jpg,https://www.zhihu.com/people/ding-xiang-kong-jie-77
3ebd345bde8741d81fb3a14072a650a3,专注的小余,https://pic1.zhimg.com/v2-8b8675a5a9fb7aeab7264ce0080463cb_is.jpg,https://www.zhihu.com/people/sizhenli
4d28c35bdc724b10b65bed4d7564ecab,你我的,https://pic2.zhimg.com/b64522ed9e67ec2454aa40228aa59354_is.jpg,https://www.zhihu.com/people/ni-wo-de-94
23bbf20a50bea0072d4d830962535820,侠行天下,https://pic1.zhimg.com/v2-c4d8fab4700fa4930582a6cb1d32a9db_is.jpg,https://www.zhihu.com/people/xia-xing-tian-xia-20
a7575beeb9b85b8eb454a66c9c1574fe,AAAAA,https://pic2.zhimg.com/v2-c35c5491e79a48033a2e8d00cbaff2bc_is.jpg,https://www.zhihu.com/people/aaaaa-2-72
007577a9b40ddefc369199557ced40c4,finalrgy,https://pic3.zhimg.com/v2-863a26d141d2da4e472a9ce54136c352_is.jpg,https://www.zhihu.com/people/ren-gen-yan-45
c6c239731b72bea81aa1b1405c721d37,Kingsley,https://pic3.zhimg.com/v2-608728e58b262b80cfa4d2ce062420e3_is.jpg,https://www.zhihu.com/people/macle-50
b175174335d9b109da0bb8bbde953680,转角撞到墙,https://pic3.zhimg.com/v2-65cfb0f713e31052e450f3d354ce2367_is.jpg,https://www.zhihu.com/people/zhuan-jiao-zhuang-dao-qiang-65
b8e6430e4e788e7c5c8c95303800be6d,Simple,https://pic3.zhimg.com/v2-ab47589288ae1c08180f58a413df4290_is.jpg,https://www.zhihu.com/people/simple-63-68-8
478f8132ba6f9cdaf78d1b38bb78e5b4,秦基博,https://pic4.zhimg.com/da8e974dc_is.jpg,https://www.zhihu.com/people/qin-ji-bo-45
109c52a254a1b921d110a7a0819e4342,莯莀,https://pic1.zhimg.com/v2-dd27b712b615b4df522160bb2f4ffc21_is.jpg,https://www.zhihu.com/people/mu-chen-52-73
59ec85a76e984dada6b724484579e3c9,花开花落,https://pic2.zhimg.com/v2-3341280f94e36e5edb1b2fb406c08778_is.jpg,https://www.zhihu.com/people/repos
fbddcc4abe028e47d3b00e0367754718,洋叔叔,https://pic4.zhimg.com/da8e974dc_is.jpg,https://www.zhihu.com/people/yang-shu-shu-86-47
a9be421cae66369efb44e80928e23c35,fishlaker,https://pic4.zhimg.com/da8e974dc_is.jpg,https://www.zhihu.com/people/zhang-xian-tuan
8ff1a318ca2c8473c1a90969fe629424,Jason chen,https://pic2.zhimg.com/v2-72310abf2d5a0809579b3fd32b7fd879_is.jpg,https://www.zhihu.com/people/jason-chen-77-48
baeda3f216fb0657f93dbbdd85436f23,张凯军,https://pic2.zhimg.com/v2-f67fa84eddb4e92de1616a29e728e12e_is.jpg,https://www.zhihu.com/people/zhang-kai-jun-3
cb5d312874e3f72ede4b11974efa936f,sky320,https://pic2.zhimg.com/v2-5b0bb15b278c9efa0b47a91a3a2222a3_is.jpg,https://www.zhihu.com/people/sky320-60
89c7b0cf9d22b901a2b3dd3697ef8ce5,兜不容易啊,https://pic2.zhimg.com/v2-2d7cc76a17dad489c961262b9dafbda9_is.jpg,https://www.zhihu.com/people/a-e-49-35
8ca18566b67c3587efe40b520aec2c6d,三岁被夺初吻,https://pic3.zhimg.com/v2-3db8d1a50d90264230d5a73d534223e0_is.jpg,https://www.zhihu.com/people/messizhu-67
c229b61c199a80cd4f811108ddc71d23,傻帽滴娃,https://pic2.zhimg.com/7bac0b04d9ee463cdef340ec9579b159_is.jpg,https://www.zhihu.com/people/yisheng-meng-42
2dbb3158b9775241b7d16bf1893b37d6,无问东西,https://pic4.zhimg.com/v2-4d98da30c8bb8aa6da710336b17c43f4_is.jpg,https://www.zhihu.com/people/wang-ye-27-95-15
7c11cbfd5de088bd99d75c50b7ead4ff,涂山苏苏的五彩棒,https://pic4.zhimg.com/v2-368fb47f2a2f267f6fc7d180f950dd0c_is.jpg,https://www.zhihu.com/people/tu-shan-su-su-de-wu-cai-bang
739a86d5d95e254f1d4d6259b2a1b2bb,希尔壳伟哥,https://pic1.zhimg.com/v2-855bb5f816abea2c158f203c649ea638_is.jpg,https://www.zhihu.com/people/xi-er-ke-wei-ge
047190a1ce88aada76f2cbb6900bc0de,D.B,https://pic3.zhimg.com/v2-d066775560297c3b7968a5f0a3f416da_is.jpg,https://www.zhihu.com/people/d-b-79-96
4c5b1d34f7854571310b931f70fc0266,沁星,https://pic4.zhimg.com/da8e974dc_is.jpg,https://www.zhihu.com/people/qin-xing-1-7
35d290853b0dafd5821cda6859679e03,我不,https://pic3.zhimg.com/v2-dde2512b4e731f9b2cf8bb202259b59c_is.jpg,https://www.zhihu.com/people/wo-bu-27-38
99bb5905bdf3cec1e4ac4edf981a52d1,杨绍庭,https://pic2.zhimg.com/v2-2c6185e664f8977fb988fdc8eecc57b2_is.jpg,https://www.zhihu.com/people/yang-shao-ting-73
6c5bcdc8096f352a1b1ebc245ad516cc,芝麻开门2019,https://pic3.zhimg.com/v2-f814ec036e0620dc1398dce36c43e756_is.jpg,https://www.zhihu.com/people/zhi-ma-kai-men-2019
038b335ffcca4d0193db2555327ba235,放下所有放不下你,https://pic2.zhimg.com/v2-61ae662722fb70c8125c5fd6b4f30447_is.jpg,https://www.zhihu.com/people/fang-xia-suo-you-fang-bu-xia-ni-24
76f95b8da67070c402a0feb4869d942c,月影,https://pic2.zhimg.com/950a7d67507438c223186f679b1c7f6a_is.jpg,https://www.zhihu.com/people/yue-ying-49-90
a259ca48bdf161a670609546e68068ab,玩家会是谁,https://pic4.zhimg.com/da8e974dc_is.jpg,https://www.zhihu.com/people/wan-jia-hui-shi-shui
c5bab12dccb4207e762c6c7113fd3bac,黄勇,https://pic4.zhimg.com/v2-67ad2176e52d7dc30fb76226da9a357e_is.jpg,https://www.zhihu.com/people/huang-yong-77-65
dd01b1fe01ac6f58624be911b55bd94d,Michael,https://pic2.zhimg.com/v2-80e4b6ee34a68a6702228b6a19a75db9_is.jpg,https://www.zhihu.com/people/michael-56-89-49
9299f4f728ec0a193fc166b821bce811,一诺谢工,https://pic3.zhimg.com/v2-c158cda7615d475a81321c0ce4a70eab_is.jpg,https://www.zhihu.com/people/yi-nuo-xie-gong
27ef99c2da981f5f4f3d4bd20ef538cc,贝壳,https://pic3.zhimg.com/v2-1e864d4b153d351270374d9ca3503937_is.jpg,https://www.zhihu.com/people/bei-ke-27-28
a9f5356deec18e2ef76bd7751fa74d18,曾武,https://pic2.zhimg.com/v2-aec3cf000261bfb0723d75db8586407b_is.jpg,https://www.zhihu.com/people/ceng-wu-34-93
8a9202bfc117c850c18ec59f4816bef7,连丰,https://pic4.zhimg.com/v2-e4bb102ffbf0f4645098e344ed713a8e_is.jpg,https://www.zhihu.com/people/lian-feng-51-85
11f36a676ba99b5fc25a3fba3f6edd53,麥田,https://pic2.zhimg.com/c528a8081755fc3b5a2e01cbf1154ab2_is.jpg,https://www.zhihu.com/people/mai-tian-58-8
c70c9147aaf1d29429c045545667e545,LwxLwx,https://pic3.zhimg.com/v2-346c275a7f11088d611072b0ff4daa17_is.jpg,https://www.zhihu.com/people/littlestar-11
3f3cfb0f911950a782cdd3c692d25e36,遥远的她i,https://pic4.zhimg.com/v2-416f4e3305ac3d9ddc60b888c7edf0cf_is.jpg,https://www.zhihu.com/people/bao-jie-95-80
b3343aa0780849233a28a111ed6b1bbe,少年来个小目标,https://pic4.zhimg.com/da8e974dc_is.jpg,https://www.zhihu.com/people/shao-nian-lai-ge-xiao-mu-biao
9125ee407f452b0d806e648d907bb11b,碌碌无为,https://pic2.zhimg.com/v2-29580bd082ee7ee5aee92a6c9611a180_is.jpg,https://www.zhihu.com/people/shu-ci-ju-jue-wu-yan-zu
40662e5080bd5c06f66fa2b7f0cbd114,素菜,https://pic4.zhimg.com/da8e974dc_is.jpg,https://www.zhihu.com/people/zhao-shan-63-42
9f44380d29cf0b798dfc15e688e26799,钱风华,https://pic4.zhimg.com/da8e974dc_is.jpg,https://www.zhihu.com/people/qian-feng-hua
dff6cfe6b4490d190e2b7453f66ab989,徐启航,https://pic4.zhimg.com/v2-434c0f5d1bed7338391f3234844a8c12_is.jpg,https://www.zhihu.com/people/xu-qi-hang-9
