招聘岗位,工作职责,工作要求
PCG09-信息流合作策划产品经理,基于信息流的流量特点与能力，负责与合作伙伴、多业务团队的合作方案策划与落地；\n管理合作需求、用户需求和运营需求的优先级和平衡；对合作需求的数据效果进行跟踪评估，持续迭代及运营；\n洞察行业趋势，了解玩法，善于发现新的合作机会,本科或以上学历，互联网产品经验至少1年；\n擅长合作沟通，具备良好的项目管理能力；\n逻辑思维清晰，产品的策划和运营sense良好，熟悉数据分析方法，具有决策能力
CSIG17-地图数据评测,1.针对客户关注的热点区域或者头部城市数据进行规范性的评测；\n2.结合现实客观存在，针对数据，制定不限于道路数据、兴趣点、公交等数据评测目标和方法；\n3.根据评测结果进行综合数据分析并输出专业的评测报告；\n4.对现有评测体系进行优化和升级，使之始终保持与产品端上功能升级的数据体验同步；\n5.跟进地图未来发展趋势，研发新型评测体系方案。,1.大学本科以上学历\n2.三年以上互联网地图产品、数据生产或评测工作。\n3. 对LBS领域有浓厚兴趣，对用户数据敏感，逻辑思维能力强.\n4.有较强的数据分析能力。\n5.有较强的项目管理能力。\n6.有一定抗压能力，自驱力、有较强责任心和团队协作精神。\n7.有驾照，会驾驶
30628-腾讯广告大数据后台开发高级工程师（研发中心-北京）,负责广告在线预估服务的架构设计和开发，支持高并发，高可用，低延迟；\n负责广告平台用户画像线上系统的开发和维护；\n负责高可用的任务调度系统开发，支持各种离线任务的分发和调度；,重点大学本科以上学历，计算机相关专业；\n两年以上相关工作经验，精通算法与数据结构，精通c++编程语言；\n有扎实的编程功底和编码习惯，以及良好的分析解决问题能力;\n熟悉机器学习框架和分布式系统，熟悉tensorflow等机器学习框架者优先;\n积极主动，有责任心，勇于接受挑战。
21087-游戏版本管理（深圳）,负责手游产品技术接入工作、版本管理工作、对各阶段版本质量及排期负责；\n负责推进研发商按时按质完成版本内容、平台接入、tlog、运营功能等开发工作；\n跟进版本测试验收、版本部署、版本发布等版本流程各环节工作；\n负责游戏环境、游戏生态维护及舆情监控相关工作。\n,本科及以上学历，有较强的逻辑思维能力； \n有3年以上网络游戏工作经验，1年以上版本模块工作经验，熟悉游戏开发或运营流程，能独立规划和协调平台各个模块成员的开发工作； \n积极主动，沟通能力强，能够在复杂的环境中推进项目前进，具备优秀的自我驱动力、团队协作能力及跨部门协作推动力； \n具备一定的英文听、说、读、写能力。\n
TEG03-终端开发工程师,职位描述：\n\n负责项目所需要的移动端（SDK、App、开发者工具）的开发及维护；\n\n负责重大或疑难问题的技术攻关；\n\n对新技术预研，并能主动思考与产品的结合方向，推动技术工具的演进，及研发团队文化建设。\n\n\n\n,工作要求：\n\n熟练掌握Java/Kotlin，掌握常用Native层Framework的实现原理；\n\n具备较好的沟通能力，富有团队精神和敬业精神，具有较强的自学能力；\n\n具有iOS平台开发经验者优先。
TEG03-数据挖掘工程师（深圳）,通过海量数据对用户广告的行为进行深入分析与洞察，提炼和发现业务规律，指导推荐模型特征构建，定位产品相关的数据问题及分析优化；\r\n结合广告投放场景和用户画像进行badcase分析、归纳统计指标建设，协助模型快速定位问题。,计算机、数学、统计、数据挖掘等相关专业本科及以上学历；\r\n1年以上互联网、IT相关工作背景及数据分析挖掘相关工作经验；\r\n熟悉统计原理及检验方法、熟悉数据分析方法；\r\n熟悉分类、回归、聚类、降维等机器学习算法及应用场景；\r\n熟悉Linux、Shell、R/Python，Hadoop/Spark等，能独立完成相关的数据分析及分析报告相关工作；\r\n有互联网推荐领域相关工作经验更优。
TEG01-自然语言处理工程师（深圳）,参与智能客服平台建设，提供基础的自然语言处理解决方案；\n应用深度学习模型对文本信息进行语义处理，负责深度模型的训练和调优；\n结合业务实际，探索智能客服领域领先的技术解决方案。\n,模式识别与自然语言处理相关方向计算机专业，硕士及以上学历；\n在智能客服、聊天机器人等方向有三年以上实际项目经验；\n在如下领域有丰富经验：文本分类、多轮对话、关系抽取、实体识别等；\n有较强的算法分析和实现能力，熟练掌握c/c++/java/python，有linux开发经验；\n熟悉Tensorflow或Pytorch，深入理解LSTM、Attention、Word2Vec、ELMO、Bert等基本模型；\n优秀的分析和解决问题能力，勇于挑战，对数据敏感，有强烈的好奇心，良好的团队精神。\n
TEG01-C++后台开发工程师（深圳）,责客服后台服务研发工作； \r\n参与现网问题定位和解决工作；\r\n跟进后台服务研发运维工作。,计算机或相关专业本科及以上学历；\r\n3年以上相关工作经验；\r\n精通C/C++语言，熟悉设计模式、开发规范；\r\n熟悉TCP/IP协议、进程间通讯编程，熟悉Linux下常用架构设计方法；\r\n熟悉Linux操作系统原理及常用工具，熟练使用shell、python脚本；\r\n熟悉Mysql等关系数据库，熟悉Redis等NoSQL存储；\r\n正直，责任心强，具有良好沟通和团队协作能力，主动，好学；\r\n具备良好的分析解决问题能力。
TEG01-前端开发工程师（小程序）,负责部门网站、运营平台Web前端、小程序等设计、开发和实现；\n负责代码、工程及技术体系的建立及完善，帮助团队成员进步及成长,本科及以上学历，计算机相关专业优先，3年以上前端工作经验；\n精通javascript，有面向对象，模块化开发的设计思想；\n熟悉常见的JS开发框架，至少熟练使用Vue或React中一种框架，有移动端开发经验、服务器端开发经验者优先；\n熟悉HTML5、CSS3，有SASS 或 LESS 和 移动端页面重构开发经验优先；\n思路清晰，具备良好的沟通能力和团队协作精神。\n
18428-银行业务测试工程师（深圳）,负责金融科技和移动支付方面的功能、性能、安全等测试工作，挑战如微信红包等海量业务系统。负责微信支付，QQ钱包等平台级支付产品的系统测试工作，参与项目研发全流程。\n\n1. 参与软件项目的需求分析，关注项目需求的合理性，可测性； \n2. 参与重大产品需求和架构设计评审，保证产品设计与架构的合理性； \n3. 设计合理的测试用例，并能参与到具体的测试执行工作中，跟进缺陷的fix、质量复核，能引入比较好的思想和方法，保证产品的质量； \n4. 参与自动化用例的编写，设计\u0026参与产品的性能、安全测试，解决测试过程中的复杂技术问题； \n5. 根据产品研发的实际情况，改进or设计软件质量保证体系，并推动落地实施； \n6. 通过测试相关流程、策略、方法和工具等创新，提升测试的质量和效率； ,1. 工科、计算机或其他相关专业本科以上学历； \n2. 具有3-5年以上软件开发和测试经验，能快速熟悉理解业务，有负责带领进行大型项目测试经验； \n3. 掌握or熟悉c++、java编程，熟悉mysql等db，有互联网行业从业经验； \n4. 有自动化测试经验，能独立设计用例并编写代码实现自动化测试； \n5. 具备撰写自动化测试工具以及搭建自动化测试平台的实战经验者优先； \n6. 有产品性能、安全等测试经验，掌握基本的性能测试及产品安全知识； \n7. 熟练使用linux操作系统，具有基本python或shell等脚本编写能力；
18432-微黄金产品运营经理,1. 负责微黄金业务的日常运营及节日运营，能够把握关键点，通过运营策略达到业务目标；\n2. 负责微黄金业务的用户运营，用户分层运营，通过用户教育、用户关怀及营销活动等策略提升用户留存及转化；\n3. 跟进内外渠道合作落地及效果反馈，高效沟通，推进合作，确保结果；\n4. 对数据敏感，善于运用数据进行分析和总结经验，调整运营策略，服务业务目标,1. 全日制本科及以上学历；\n2. 3年互联网公司产品运营经验，有互联网金融产品运营经验者优先；\n3. 有责任感，执行力强，有担当，能落地，对结果负责；\n4. 善于思考和学习，能够保持行业敏感性。
18432-微黄金产品经理,1、负责微黄金的产品策划和策略制定，包括产品版本计划、产品功能设计、产品发布跟进、产品优化升级等工作；\r\n2、对产品的用户体验负责，能够深入用户，理解用户使用行为、使用习惯，洞察用户行为背后的需求；\r\n3、跟进产品执行的各个环节，保证项目的高效高质量执行，对负责的产品模块进行效果跟踪、数据分析、用户分析，并及时反馈到产品规划中。,1、本科以上学历，三年以上移动产品经验；\n2、对用户体验敏感，热爱接触用户，通过用户运营建立与产品之间的沟通桥梁，帮助提升产品体验和忠实用户维护；数据分析能力和逻辑思维能力强，可以透过数据剖析产品数据背后的原因，并落地到优化实践中；对工作有负责到底的态度，做事细心、踏实，执行力强；善于沟通表达，做事积极主动，懂得团队合作。
18435-反洗钱合规经理（香港）,1.整体负责可疑交易的监控及报告，不断完善相关系统及内部流程、制度；\n2.汇总反洗钱合规需求及追踪落地；\n3.协助合规风险识别、评估，编写各类合规报告；\n4.协助监管政策研究分析，制度反洗钱内部政策并推进落地，开展反洗钱自查；\n5.协助实施业务及运营管理过程中的合规支持与合规审核；\n6.领导交办的其他工作。\n,1.全日制大学本科及以上学历，法律、审计、财务、金融等相关专业；\n2.五年及以上金融类行业反洗钱类工作经验；\n3.熟悉香港与马来西亚反洗钱法规，与香港与马来西亚金融业反洗钱实践，有良好的合规及风险控制意识和较强的分析问题能力；\n4.具有良好的沟通、协调能力，较好的学习能力，诚实并有责任心；\n5.有较好写作能力。
18435-项目经理,1、负责财付通金融支付业务的风控管理项目跟进工作，包括主要里程碑达成，任务执行进展，日常团队沟通工作等； \n2、负责反洗钱及风控各类需求的项目计划的制定、跟踪和维护，确保项目按照计划交付； \n3、负责落地执行各业务流程，做好项目管理类流程的团队适配，组织项目各项评审会议及项目例会； \n4、整理各类项目报告，确保项目有序推进，信息透明。\n,1、本科及以上学历，5年以上项目管理经验；\n2、从事过安全类/支付类/金融类业务经验者优先；\n3、有较强的团队合作，沟通能力和协作意识，抗压能力强；较强的逻辑分析能力，有独立负责项目管理的经验；\n4、具备一定的数据分析基础，具有良好沟通能力；\n5、有相关项目管理资格认证者优先。\n
18425-国际支付业务基础开发高级工程师 (深圳),"负责微信支付香港钱包相关系统的开发;\n参与模块设计开发,业务逻辑开发,银行接入等工作；\n参与相关子系统及业务流程优化重构,研发过程优化工作。","计算机、通信相关专业本科以上学历;\n2年以上linux服务器端软件开发经验;\n编程基本功扎实,精通C/C++,熟悉面向对象技术,设计模式;\n精通TCP/IP协议相关知识及网络编程;\n精通Unix/Linux环境和系统编程，熟悉服务器编程模型；\n精通mysql数据库及相关编程;\n善于沟通及主动思考总结,倡导创新与持续优化,思路周密,代码严谨,对待技术有强烈兴趣;\n有良好的团队合作及抗压能力,有强烈的主人翁意识推进事务进展;\n具备一定架构能力,有大容量、高性能、分布式系统的设计开发经验优先。"
18425-支付项目经理,1、 负责项目资源的协调与组织，确保项目团队各干系人协同工作； \r\n2、 负责项目计划的制定、跟踪和维护，确保项目按计划完成； \r\n3、 负责组织项目各项评审会议及项目例会； \r\n4、 制定并推广项目流程规范，确保项目有序推进。,1、 本科以上学历，3年以上项目管理经验；\n2、 有较强的团队合作，沟通能力和协作意识，抗压能力强；较强的逻辑分析能力，有独立负责项目管理的经验；\n3、 具备一定的数据分析基础，具有良好沟通能力；\n4、 具备英语交流能力者优先。
PCG04-短视频AI评测工程师（深圳总部）,负责短视频业务的评测及工具平台建设工作；\n短视频质量评价体系建设、图像质量评价体系建设，包括但不限于视频内容理解、视频内容质量检测、推荐算法、目标检测追踪、行为分析、图像分割、自动PS等算法质量评测方案设计、工程技术落地工作；\n科学建设视频评价体系，并基于反馈甄别badcase和算法的缺陷，进而对AI产品提出改进意见，优化产品质量,计算机或者图像处理、计算机视觉、模式识别、机器学习等相关专业。三年以上计算机视觉领域相关工作经验，熟悉计算机视觉领域的主流模型和算法，关注领域内的最新进展；\n有良好的计算机专业知识基础，对数据结构、操作系统、算法等专业知识掌握良好，熟练掌握C/C++，Java，Python等至少一门语言，有一定的软件开发项目经验；\n具有扎实的算法基本功、突出的数据、算法分析和归纳能力，对新技术充满好奇心，爱挑战高难度，善于提出idea并能快速动手验证；\n有视频图像、搜索推荐实际应用经验者优先考虑。较好研究成果（学术论文等）者或者在相应竞赛中取得过较好成绩者优先考虑。
PCG04-高级测试开发工程师（深圳）,负责支付、游戏等业务后台、移动端的架构、代码层面的专项分析及优化，包括但不限于性能自动化、接口自动化、可测性分析等质量保障工作；\n结合业务推进测试体系的建设，并配合进行相关工具平台设计及开发工作，加速产品研发效率；\n持续探索引用行业相关测试技术和理念，帮助团队提升质量和效率。,本科及以上学历，计算机或软件相关专业，具备扎实的计算机和软件技术基础；\n至少3年以上的软件开发或者测试开发工作经验；\n熟悉C/C++/Java等至少一种主流编程语言，熟悉至少一门脚本开发语言（如shell、perl、python）；\n具备良好的学习能力、质量保障体系思路、复杂问题定位和分析能力；\n具备创新性思维、较强的抗压能力和技术钻研能力；\n具备后台开发或移动终端开发经验者优先，有优秀工程素养，对持续交付有深入理解和实践经验优先。
PCG04-后端开发工程师（深圳）,负责PCG短视频和媒体分发业务相关工具链平台建设，通过和相关业务系统的对接，挖掘研发流程中的痛点，提炼产品需求，建设工具平台，持续提升研发效率。,本科以上学历，计算机相关专业，3年以上Unix/Linux操作系统下java/go/c++后台开发工作经验；\n有高并发和大规模数据存储（hbase、mangodb、es、redis等）处理经验；\n理解微服务架构，有较好的系统分析架构能力；\n熟悉linux，具备较强的问题定位和分析能力，具备性能优化经验更佳；\n自我驱动，具有较强的抗压和沟通协作能力；\n有devops经验者优先。
PCG04-测试开发工程师（北京）,负责移动端或后台应用的专项测试工作，包括参与需求分析，帮助完善需求与开发设计实现，合理设计测试计划，实施测试活动，跟进缺陷，协助研发分析定位问题。\n负责移动端或后台产品的自动化测试，包括功能接口、性能、稳定性、兼容性等。保障产品全流程的质量和高效交付。\n挖掘研发过程中提升质量和效率的工具需求，完成各类测试工具的架构设计、编码实现和在业务的落地，提升整体研发过程的工作效能。,本科及以上学历，计算机或相关专业；\n2年及以上测试/开发工作经验，具备良好的问题分析能力。\n掌握至少一种编程语言，如C/C++、Java、Python等语言，有相关的项目实战经验。\n具备良好的技术钻研能力、沟通表达能力和独立问题解决能力。\n符合以下条件优先：有移动端或后台自动化测试框架开发、测试工具/平台开发经验优先；有白盒测试开展经验，对研发架构有较深入理解，具备研发架构优化和开发经验优先。
PCG04-短视频高级后台开发工程师（深圳）,负责PCG短视频业务的架构设计、开发和测试；\n参与新系统的需求分析、核心框架及组件的开发以及测试工作；\n优化和改进现有产品以提升用户体验；\n持续从技术上提升服务稳定性、安全性、可用性等技术能力。,本科以上学历，计算机相关专业，3年以上Unix/Linux操作系统下java/go/c++后台开发工作经验；\n熟练掌握java/go/c++中两门语言；\n有高并发和大规模数据存储（hbase、mangodb、es等）处理经验；\n理解微服务架构体系，理解框架设计和系统集成的原则；\n能独立承担任务，具备优秀的分析和解决问题的能力；\n有团队精神，具有良好的沟通能力。\n符合以下条件优先：拥抱DevOps；有短视频产品开发和测试经验；具备良好的性能意识，有性能分析和优化经验
PCG04-web前端高级开发工程师,负责中台工具建设相关平台开发、维护和优化工作，能做出合理的技术解决方案；\n优化和改进现有产品以提升用户体验；,"1、计算机或相关专业、本科及以上学历；三年以上工作经验；基础扎实，熟悉常用的数据结构和算法；掌握操作系统、计算机网络、软件工程等专业知识 \n2、熟悉Web应用系统开发，对HTTP协议及web服务器等有所理解；\n3、对Web标准有良好认识，精通HTML5/JavaScript/CSS3等Web开发技术，熟练掌握至少一款当下主流的前端框架，如Vue、React、angular等；\n4、熟悉一门以上WebServer后台开发语言（如java,nodejs,Python），熟悉数据库操作，具有Linux平台下开发经验者优先；\n5、良好的沟通表达能力和团队合作意识，责任感强，热爱学习，热爱开发工作，拥抱开源技术，能高效配合团队成员，共同完成项目。"
PCG04-测试开发工程师（深圳）,负责机器人（包括Android、iOS端、硬件机器人端）的业务测试工作，从定制计划和方案等到具体实施，保证项目整体质量和进度； \n负责从架构、代码层面的专项分析、评测和优化，包括但不限于性能自动化、接口自动化、可测性分析解决、语音语义评测等质量保障工作；\n结合业务推进自动化体系的建设，加速产品研发效率。,本科及以上学历，计算机或相关专业，具备扎实的计算机和软件技术基础；\n3年及以上测试工作经验，熟练掌握至少一种编程语言，包括但不限于C/C++、Java、Python、Shell等；\n熟悉Android/iOS移动操作系统，具备自动测试工具或性能测试、协议测试，服务器后台测试等经验；\n有相关智能硬件产品开发或者测试经验者优先，例如智能音箱等项目经验；\n热爱软件测试工作，可以胜任重复性工作，工作细致认真，有耐心； \n具备良好的团队合作意识，较强的沟通能力和表达能力。
21882-腾讯医疗产品组长（北京）,负责医疗产品的整体产品规划和策略制定，以及产品团队日常管理；\n带领团队深度研究用户（医生或患者），从而在产品设计、内容选题、表达形式上及时跟进需求，并不断探索创新；\n负责与内容、技术、运营、市场、BD、等团队沟通，确保各team对产品的充分理解，并推动团队协作支持；\n负责带领产品团队达成产品目标；\n了解互联网医疗行业动向，及时、准确地研究、分析竞争对手动态，并提出相应的对策。,本科及以上学历，5年以上互联网平台经验，有医学教育背景或医疗从业背景最佳；\n有优秀的产品聚焦和产品策划意识，熟悉腾讯内部各大产品线；\n对于用户体验有深刻的理解，能够很好的规划和设计产品功能、使用流程与交互体验；\n对医疗行业有情怀与热情。
15851-游戏音频师（深圳）,负责腾讯光子工作室群旗下的：\r\n游戏声音设计；\r\n声音资源的创作和编辑；\r\n音频在游戏中的播放；\r\n给视频配声音。,"-Sound Designers who would like to work in Shenzhen, China;\n愿意在中国深圳工作；\n-Roughly 3-5 years’ industry experience in game audio;\n至少3-5年的游戏音频经验；\n-Professional in game audio sound (sound design, foley, field recording, mixing);\n专攻音频方面（音效设计、拟音、实地录音、混音等）；\n-Familiarity with Wwise;\n熟悉Wwise等；\n-Proficient command of sound design and mixing with a variety of techniques;\n熟练运用多种技术技巧进行音效设计及混音；\n-Experience with the entire game audio design process (sound effect, music, voice over, and middleware implementation);\n参与过游戏音频设计的完整流程（音效、音乐、配音、音频合入等）；\n-Excellent self-motivation and team spirit.\n具备出色的自主学习能力及团队合作精神。"
WXG10-212 企业微信应用市场产品策划经理（广州）,负责企业微信第三应用接入的相关产品工作。 负责第三方应用市场的相关产品策划，包括功能模块的策略制定、功能设计及推动上线等； 负责第三方应用接入的整体规划，细化不同类型应用的接入计划和优先级； 与合作伙伴负责人对接，审视应用的价值和重要性，安排和推动应用快速接入； 理解第三方应用的使用场景和定位，以用户价值和体验思维帮助合作伙伴梳理产品定位、功能框架、交互和体验；, 本科及以上学历，2年以上互联网产品策划工作经验，有企业产品背景更佳； 对用户体验有较深入了解者优先。对移动互联网有很好的理解和兴趣； 很强的逻辑能力、系统思考能力并具优秀产品意识；
WXG11-113 微信读书数据平台开发（广州）,微信读书数据平台开发，负责微信读书数据平台的架构和开发，为统计分析提供基础服务；,热爱互联网，熟悉各种互联网产品，勤奋好学； 计算机、通信、数学相关专业毕业，大学本科以上学历，计算机基础扎实，3年以上工作经验； \n精通 C++/Java/Go 等高级语言编程，具备扎实的分布式系统开发功底；\n熟悉 Hive、MapReduce、Storm、Spark、HBase 等 Hadoop 生态系统；\n熟悉 MySQL、Oracle 等关系型数据库以及 ElesticSearch、Kylin 等 OLAP 分析引擎，具有实际开发经验；\n具有强烈的责任心以及团队合作精神，具有较强沟通能力。\n
WXG10-113 企业微信技术合作中心后台开发工程师（广州）,负责企业微信开放相关的后台研发工作,（1）本科及以上学历；\n（2）1年以上Linux编程经验，对互联网有一定的认识，对工作有激情；\n（3）逻辑思维清晰，数据结构、算法等基础扎实；\n（4）精通C/C++，代码质量高，掌握linux多进程、多线程编程；\n（5）在网络、存储处理等方面有专长；\n（6）对信息安全有一定了解
CSIG07-运营开发工程师（深圳）,负责部门安全类业务支撑系统的开发和维护；\n负责部门创新产品的功能运营开发。,精通PHP，2年以上PHP开发经验，至少熟练掌握使用一种PHP框架；\n熟悉Javascript、CSS、AJAX、JSON、JQuery、HTML5等Web页面技术；\n熟悉linux或者windows环境下web服务架构、mysql及性能调优；\n了解apache/nginx服务器，有C/C++，python编程经验者优先；\n有良好的团队合作能力，善于沟通，具备良好的问题定位分析能力。
CSIG07-WEB前端开发（企业安全方向）,负责部门企业安全的官网开发和维护工作；\n负责部门企业安全类业务项目的前端开发与维护；\n负责部门企业安全项目小程序的前端开发和维护。,"三年以上WEB前端开发经验，精通HTML5/JavaScript/CSS3等Web开发技术； \n熟悉JQuery，bootstrap，vue，react等框架，至少熟练掌握一种以上；\n对Web标准有良好认识，能够高保真还原设计稿，代码风格严谨工整，能够兼容各种浏览器； \n对Web前台的性能优化以及Web常见漏洞有一定的理解和相关实践； \n熟悉mysql，有小程序和后端开发经验者优先(如nodejs或者php);\n有良好的对外沟通和团队协作能力,具备良好的分析解决问题能力。"
CSIG07-企业安全项目经理（深圳）,负责企业安全项目管理工作。负责企业安全项目的全流程交付管理，确保项目顺利按时交付；\n负责企业安全项目计划的制定、跟踪和维护，确保项目按计划完成；\n负责企业安全项目客户关系维护，产品交付计划、沟通、实施、服务等全流程管理；\n负责企业安全项目相关干系人管理维护；\n负责企业安全项目相关的流程规范建设，确保项目有序进行,1、计算机、通信或相关专业本科以上学历；\n2、至少5年以上项目管理经验，2年以上面向企业的解决方案的交付项目管理经验；\n3、至少成功主导完成过一个企业解决方案的研发全部流程和交付全部环节\n4、有较强的文档撰写能力，汇报PPT编写能力，逻辑性强；\n5、具有良好的执行力和责任心，能推动项目团队朝目标前进；\n6、具有丰富的与人沟通、交流和组织能力，出色的团队合作精神；\n7、有安全产品研发和管理经验优先；
PCG15-数据产品经理,1、负责互动视频部各业务的数据治理体系搭建，推进数据体系的优化和完善； \n2、数据产品和工具的设计和落地； \n3、通过数据发现业务和产品中的问题，提出改进策略，并推进落地实施，观测效果反馈；\n4、 规划业务分析点，并负责例行化分析报告和专项分析报告的生产； 能快速了解行业，深入分析行业生态。,1、本科及以上学历，计算机、应用数学、统计等专业硕士优先； \n2、扎实的统计基础，突出的逻辑分析和归纳能力，优秀的业务理解力和洞察力，善于沟通和表达； \n3、掌握从数据埋点到数据可视化各环节的关键技能； 熟练使用sql/R/SPSS等分析工具， 有直播相关行业从业经历者优先； \n4、熟悉Hadoop、Spark、数据集成、数据治理、商业智能分析BI等技术原理，具有实践经验有二年以上互联网行业数据处理、分析经验优先。
21309-深圳市腾讯教育科技有限公司--ABCmouse渠道营销经理,1、制作营销工具和销售工具，赋能代理商，确保产品信息清楚和高效的被沟通。\n2、对接和管理分销商，了解分销商的运行机制，为分销商推广工作提供指导和建议。\n3、 收集幼儿园和机构的需求信息和产品反馈，为产品与市场方案优化提供方向。\n4、针对幼儿园和机构的市场活动设计和执行，促进用户和老师使用我们的产品并成为付费用户。,1、能够独立输出线下渠道推广需要的营销工具包，赋能商务在1对1 拜访和会议销售中清楚和高效的进行沟通。\n2、具有分销商管理经验，能够及时掌握分销商的运行机制和一线情况，指导分销商更好的开展业务。\n3、具有线下渠道的活动和推广经验。\n4、具有教育行业背景优先。\n5、思路清楚，表达流利。\n6、具有良好的自驱性。\n7、工作经验3年以上。\n注：此岗位为腾讯旗下全资子公司编制岗位
21309-深圳市腾讯教育科技有限公司--广告投放优化师,1、负责K12在线教育产品线上广告投放，分析与研究推广数据和效果；\n2.、主要负责广点通、微信朋友圈、今日头条广告的投放；\n3、对所负责的投放的广告素材和优化；\n4、监控和研究竞争对手推广策略，不断优化ROI。\n5、有较强的的沟通、协调、决策能力，具有团队合作精神。,1、本科及以上，有广点通，微信朋友圈、今日头条等广告投放的经验，有过实际操作案例，月消耗百万优先；\n2、有线上活动运营经验，熟悉互联网传播方式；\n3、对移动K12在线教育兴趣浓厚，会PS、excel、PPT、视频剪辑等基本办公软件；\n4、学习与沟通能力强，抗压能力强，执行力强，在乎细节;\n5、有创造力，有好的审美和开放视野\n注：此岗位为腾讯旗下全资子公司编制岗位
PCG14-流量生态后台开发工程师（深圳）,岗位职责:负责应用宝流量生态的高性能后台服务开发;\n负责应用宝后台流量生态推荐工程侧服务开发，商店数据源，模拟下载器，消息通道服务工程建设;\n负责通用业务组件的设计、开发和维护\n,"一、基本技能要求\n 1、熟练掌握C、C++语法，深入理解其特性。（熟练使用python、go等语言并开发过相应项目优先）\n 2、熟悉常用数据结构(BTree、堆、栈等)\u0026算法(单模式匹配、多模式匹配等查找算法)\n 3、熟练掌握SQL语言，能够对数据库、SQL进行基本的调优。\n 4、熟练掌握HTTP/HTTPS、理解TCP/IP等协议。\n 5、良好的调试功底，能熟练使用GDB工具，能独立分析coredump并找出原因。\n\n 二、进阶技能要求\n 1、熟悉Redis、MemCache、Nginx、Zookeeper等开源组件的工作原理\n 2、能合理设计Cache来提升服务性能\n 3、海量服务系统架构设计和调优能力\n 4、线上问题的分析解决能力\n 5、单机性能分析和优化能力（有valgrind、perf、GDB 工具使用经验者；或类似优化经验者佳）\n\n 三、通用能力\n 1、良好的沟通能力,前后逻辑清晰\n 2、具有一定的产品理解能力\n 3、良好的团队合作意识，能打好配合\n 4、有从事过商业化或者广告相关工作经验者优先\n"
27092-应用宝渠道管理经理（深圳）,应用宝商业化广告代理商体系运营管理；\n基于业务需求，制定代理商驱动策略，以项目管理方式进行监控、执行和考核管理。\n联动行业商务及运营团队，驱动代理商进行行业重点客户服务及重点行业拓展渗透。\n根据业务发展不断完善代理商体系，梳理和建立代理商内外业务协同流程。\n,本科及以上学历，3年以上工作经验；\n具备渠道管理、销售管理经验优先；\n善于数据分析，基于数据提炼总结，对效果广告及商业化有一定见解；\n积极主动，能承受一定工作压力，沟通能力与执行力强。\n
PCG14-腾讯手游助手后台开发（深圳）,负责手游助手平台的高性能后台服务开发，需要参与后台架构设计和性能稳定优化\n负责手游助手后台业务组件的开发和维护,本科及以上学历，计算机相关专业，3年及以上相关工作经验；\n精通Node.js后端Server研发，具有丰富的服务高并发、性能分析调优、后端服务架构经验；\n熟悉服务端开发(cgi、asp、net、php、jsp)，并具有3年及以上linux等相关平台下开发经验；\n对数据库（mysql / mongodb / sqlite3 / sqlserver）熟练掌握，有相关性能调优者优先；\n有web前端开发经验者优先；\n具备良好的责任心与工作激情，团队合作能力强。
19332-产品运营经理（客户运营）（上海）,负责企业级SaaS产品的运营及重点客户管理工作，包括产品灰度、产品发布、产品改进需求引入、用户关系管理、运营数据分析等，通过运营达成客户活跃度、健康度与满意度提升的业务目标； \n同时肩负运营创新与运营手段的拓展，跨部门的工作协同与问题解决，将产品的能力与为客户业务带来价值的能力对应起来，在熟捻客户的业务场景的基础上，保证高优先级需求的顺利交付。,本科及以上学历； \n5年以上企业级产品的策划、开发、运营及项目管理的经验； \n具备良好的组织能力及沟通执行能力； \n熟悉企业的市场、营销、服务等部门的业务场景，有较强的数据分析、需求分析、产品PRD的撰写能力； \n有强烈的责任感及上进心，抗压能力强； \n有较强的学习能力和自我驱动的意识；\n有技术背景及管理岗位经验者优先考虑。
30361-语义分割算法研究员,1. 负责视频，图像精细化人景分离算法的技术研究和项目落地；,1. 计算机/电子信息/数学相关专业，硕士及以上学历\n2. 精通图像处理、语义分割理论和算法，尤其对视频中的人像分割场景，有很好的研究积累和创新能力；\n3. 熟悉OpenCV，精通Caffe/ MXNet /Pytorch/TensorFlow等计算机视觉框架的其中一种开源深度学习框架；\n4. 极佳的工程实现能力，有过知名产品落地经验；\n5. 研究能力强，如在CVPR/ICCV/ECCV/NIPS/ICML/SIGGRAPH等会议上发表过论文优先考虑
18428-财付通清算业务后台开发工程师（深圳）,负责财付通清算业务的后台研发;\n参与付款系统的设计开发，维护各大银行的渠道，优化微信个人提现、理财通赎回等业务的到账时效性；\n优化付款系统的架构，提升性能和可靠性;,"计算机、通信相关专业本科以上学历; 2年以上相关工作经验；\r\n 1. 精通C/C++，精通linux下后台开发，熟练使用常用的shell命令\r\n 2. 精通mysql数据库及相关编程;\r\n 3. 熟悉面向对象技术,设计模式;\r\n 4. 具备一定架构能力，具备网络编程经验，熟悉多线程开发模式;\r\n 5. 有银行、电信计费批处理软件开发经验优先;有大容量、高性能系统的设计开发经验优先;"
22989-Web前端开发高级工程师,负责腾讯云音视频产品线和云通信产品线的基础SDK组件开发工作，致力于为企业客户提供优质稳定可靠的音视频和云通讯基础服务。涉及的产品包括：\n web im sdk - 目前正在研发新版本；\n webrtc sdk - 目前正在对接新的 chrome 协议；\n web player - 目前正在规划新一代的播放器方案。,负责腾讯云 Web 视频播放器的相关开发工作；\n负责腾讯云 WebRTC SDK 的相关开发工作；\n负责腾讯云管理控制台等管理系统的开发工作；\n负责腾讯云 WebIM SDK 的相关开发工作；\n负责腾讯云音视频小程序的相关开发工作。  通过腾讯云技术认证或同等资格认证的优先录取。
CSIG17-LBS产品能力技术评价岗位,"负责互联网LBS产品的核心能力评价，通过评价效果推动LBS能力优化满足用户体验，专注地图路线导航或定位技术等研究，进行数据分析及数据挖掘，跟踪分析国内外竞品与行业标杆，搭建地图核心能力的评估和分析体系，从算法、策略和数据层面（准确性,合理性等）各个纬度制定全方面的评估方案和监控指标,帮助团队提高地图核心服务的能力。",对LBS领域有浓厚兴趣，对用户数据敏感，逻辑思维能力强，具备团队管理经验、有效的沟通能力以及部门间合作经验，拥有3年及以上数据分析或数据挖掘经验（能力优秀者可视情况放宽要求），熟练使用Spark、Cassandra、Hadoop等开源组件者优先；数学或统计学专业优先。
WXG01-微信高级数据分析工程师（广州）,负责微信通讯和社交等业务的数据分析工作；\r\n搭建产品的用户行为数据指标体系，并构建用户行为画像；\r\n负责产品和运营核心策略的分析建模，指导业务科学决策；\r\n设计和分析A/B Testing实验，并将实验分析结果转化为可行的业务策略；\r\n探索产品生命周期、产品健康指数、产品增长机会等；\r\n自驱开展专题数据研究，通过数据驱动产品体验优化和用户增长。,计算机科学、数据科学、机器学习、统计学、应用数学等领域硕士及以上学历；\r\n4年以上数据科学相关岗位的工作经验；\r\n有系统性数据分析方法论的沉淀；\r\n有设计和分析A/B Testing的经验；\r\n有应用机器学习进行业务建模的经验；\r\n熟练使用SQL/Hive语句；\r\n熟练使用Python/R/SAS等数据分析工具；\r\n熟练使用EXCEL/Tableau等数据可视化工具。\r\n\r\n符合以下条件优先：\r\n有Hadoop、Spark等平台的海量数据处理经验；\r\n有国内外互联网公司或其他行业的数据科学或用户增长经验。
25923-devops平台产品经理,参与蓝盾DevOps平台工具链产品研究工作 ，提出解决方案，确定产品功能及用户交互，绘制产品原型图，编写相关需求文档; \n计划、协调和沟通驱动开发团队紧密合作，高效项目执行，达成产品目标; \n持续对行业需求和用户需求进行调研分析，不断优化产品，提升产品质量和用户体验; 时刻关注行业发展，输出竞品分析报告; \n实施工具平台运营推广工作，建立数据分析方法，分析用户行为，了解产品运行状态并提出运营优化方案;\n参与平台上的技术研究和需求开发工作。\n,本科以上学历，计算机软件及相关专业毕业，有两年以上软件开发（java，python等）背景; \n熟悉DevOps体系，熟悉CI/CD相关等研发流程工具平台（如Jenkins/Travis CI/GoCD等）;\n 沟通能力强、逻辑分析能力强、思维缜密，较好的书面表达能力、做事条理性强; \n具有较强的沟通、推动和问题解决能力; \n学习意识/学习能力强，持续研究行业内外研发效能提升工具/方法新领域，喜欢挑战，追求自我持续改进和知识更新; 能承受互联网工作压力和快速交付节奏。
30361-创新产品Web前端工程师,负责社交类创新App的前端和小程序的开发；\n参与跨平台项目的架构设计与实现，承担跨平台技术的重点、难点的攻坚；\n钻研各种前沿技术和创新交互，增强用户体验、开拓前端能力边界。,三年以上前端开发经验，对一到多个专项技术领域有较深入研究;\n精通HTML5、CSS3、JavaScript等技术；\n精通前端性能优化技术；\n掌握至少一门服务器端编程语言，熟悉 HTTP、HTTPS 等常见网络协议，有服务器运维经验者优先；\n爱学习，动手能力强，能不断优化提升产品体验或拓展技术视野。
CSIG17-在线教育高级测试工程师,1、负责CSIG在线教育业务的前后端自动化、专项测试、mock能力建设、monkey等，有效提升测试效率及业务质量。\n2、发现在线教育业务中的痛点，通过测试工具开发、监控平台建设、后台环境治理等能力建设，拓展测试左移、右移、分层测试等测试能力，帮助CSIG在线教育业务提升可测性、整体测试效率及质量。\n3、结合黑盒测试、白盒测试、精准测试、分层测试等测试能力，保障在线教育业务基础质量：平台技术栈覆盖非常广泛，涉及PC、web、h5、小程序、移动端、后台等，其中涉及云直播、云录播、RN、cocos等。\n在线教育覆盖3大业务：腾讯课堂——在线职业教育平台，提升中国年轻人的职场竞争力；企鹅辅导——中小学线上辅导，以最优质的教学内容和教学服务辐射3-4线城市，推动线上教育资源公平化；ABCmouse——独家引入美国知名少儿英语学习产品，结合腾讯产品理念和技术能力，将优质的英语学习体验带给中国的孩子们。,计算机本科及以上相关专业3年以上工作经验，有教育行业测试经验、专项测试或测试开发经验者优先；\n对操作系统、计算机网络和数据库等计算机和软件基础有比较深入的理解和实践；\n熟悉各种常用的网络协议以及其原理；熟练掌握c/c++/java/go等至少一种编程语言或对python/shell/perl等至少一门脚本语言有丰富的实践经历；\n有相关自动化测试、专项测试或测试工具平台建设者优先；\n具备良好的团队合作精神，善于沟通协调，具备较高的问题推动解决能力；\n有不错的工作抗压能力，富有激情，责任心强，做事公正客观。
27092-商业化web前端开发leader（深圳）,负责PCG的应用宝、微视等媒体商业化和内容商业化的跨端样式能力、链路优化、效率工具的整体技术架构规划和方向，其中包括不限于通用可视化配置平台、亿级Nodejs接入层、全域智能触达、A/BTest系统、素材智能化拼接、素材与落地页优选、Hippy与Flutter等跨端能力的整体架构方案的制定和推动落地，要求设计的架构具有高性能和高可靠性，并在前端行业具有前瞻性。,熟知泛前端技能，包括不限于JavaScript（TC39）、http[s]和http2协议、RN \u0026 Weex \u0026 Flutter的跨端兼容解决方案、hybrid App性能调优、Node.js后端研发方案，有主导过上述类似方案并在行业产生影响的经验者优先；\n熟知多线程、TCP/IP协议、后端架构，具有大请求量（5000w+/天甚至亿级)服务高并发、性能分析调优、优秀后端架构设计经验者优先；\n熟悉大规模前端链路调优或通过研发、产品策略推动页面转化率提升经验者优先。\n对前端领域技术有非常深的了解，并能将产品研发经验、行业信息、数据分析、用户研究等能力洞察业务需求，并推演出行业领先的解决方案；
30628-腾讯广告算法工程师（研发中心-深圳/北京）,腾讯社交广告系统后台质量研发，偏重算法策略研究、设计与实现，参加以下一到多项工作：\n用户画像建模 \u0026\u0026 广告精准定向技术\n广告排序算法 \u0026\u0026 策略优化\n广告转化率预估 \u0026\u0026 转化策略优化\n广告素材(文本和图片)语义特征挖掘\n广告用户体验优化\n广告 A/B Test 实验系统\n大规模并行机器学习系统建设,具有扎实的数据结构和算法功底； 熟练使用 C/C++ || Python || Java || Scala\n数据挖掘 || 自然语言处理 || 机器学习\n有海量数据处理经验，熟悉 Hadoop || Storm || Spark\n有广告、搜索引擎、推荐系统相关技术经验者优先\n较强学习能力 \u0026\u0026 逻辑思维能力 \u0026\u0026 具备良好的问题分析与解决能力\n善于沟通，工作积极主动，责任心强，具备良好的团队协作能力
30361-社交产品经理-付费向,基于产品形态对用户需求进行挖掘，制定产品变现玩法能力，促进业务增长； \n挖掘和分析产品数据，研究用户需求及行为特点，提供解决方案，提升用户整体付费率与ARPU值；\n负责产品功能设计和交互设计，撰写详细的产品设计文档和原型设计文档；\n负责方案推进过程中的跨部门协调沟通工作，能协调各资源以确保方案顺利实施。,1～3年社交相关产品经验，对社交产品充满热情；\n负责过直播/聊天室产品中礼物、特权、互动玩法等模块的玩法；\n对数据敏感，有较强的逻辑与分析能力，善于发现与挖掘数据价值； \n有较强的沟通能力、逻辑分析能力，善于发现解决问题；\n 责任心强，能够推进项目进程；
30360-QQ社交功能产品策划经理（深圳）,负责QQ社交功能的策划工作；\n通过洞察QQ年轻用户社交诉求，同时基于数据的挖掘及分析，制定QQ社交模块整体规划；\n独立负责社交及关系链相关功能的产品概念、产品设计、推动实施，提升QQ关系链的活跃度；\n对QQ关系链进行日常维护及数据跟踪，定期分析运营效果，跟踪用户行为。,具备3年以上互联网产品策划的工作经历；\n负责并主导过大型社交类互联网产品，有比较强的数据分析能力； \n具备较强的创新能力，善于分析市场及提炼用户需求，对社交领域有独到的见解和积累；\n具备带人经验，有比较强的自驱力和思辨力，思路清晰逻辑严谨。
25927-游戏测试经理（深圳）,快速上手业务，并组织团队完成产品的质量体系构建和管理工作；\n招聘并构建测试团队，完成团队的建设和发展，实现良好的跨团队合作；\n优化、提高团队的测试效率和输出质量，主动发现问题并优化改善，做好过程和结果的积极反馈和团队的反思提升工作；\n承担团队的游戏运营品质和责任，关注并提升团队业绩；\n承担外网游戏品质责任，关注项目业绩。,本科以上学历，有3年以上软件测试经验，有游戏测试经验者优先，具有快速熟悉业务流程和优化，并建立完善质量体系的能力；\n有过带领团队独立完成项目测试工作，做好工作中的问题挖掘和改善，带领团队提升业务熟悉度和技术能力的提升的经验；\n优秀的执行力和抗压能力，热爱游戏测试，乐于主动反馈和积极思考；\n熟悉至少一门开发或者脚本语言，C++、C、C#、php、python优先；\n熟悉主流操作系统原理（windows、linux、android）、网络协议等，有过前后端性能、安全、兼容等测试经验者优先。
22989-日志研发高级工程师（北京）,负责腾讯云日志服务平台研发； \n大规模日志数据存储、分析与处理。,1. 计算机专业本科及以上学历，3年以上互联网后台开发经验； \n2. 熟练掌握linux环境下c++/c/golang/python中的一种或几种； \n3. 熟练掌握常见的数据结构和算法； \n4. 熟悉网络的基本原理，如TCP/IP协议，HTTP协议等； \n5. 具有较好的团队合作和沟通能力； \n6. 有日志平台开发经验优先； \n7. 有检索系统开发经验（PB级）经验者优先考虑； \n8. 有大数据系统开发、OLAP系统开发经验优先； \n9. 熟悉常见大数据基础组件的使用/原理/调优者优先，如Flume/Kafka/Hadoop/Hbase/Spark/Storm/ELK/ETL/kafka/Hive/ZK等。  通过腾讯云技术认证或同等资格认证的优先录取。
27092-应用宝商业化资源运营合作经理（深圳）,建立及运营部门商业化资源体系，含资源拓展，定价，售卖结算管理。并基于项目/活动需求，进行资源通案策划和个案策划，负责执行落地；\n按照项目节点/项目需求与内部各平台合作，协同产品运营策划合作模式，合作内容，规划合作资源； \n月度对外进行结算对账管理，向内对接BG财管进行收入上报管理；\n了解或知悉内外部合作基本流程，针对各项内外部合作提供流程意见及风险预警，与公司内部各内部平台建立保持良好合作关系。,本科及以上学历，具备2年以上相关工作经验；\n有相关对内对外合作沟通经验，有较强的沟通能力； \n擅长数据处理，了解财务结算相关内容流程； 有整合策划及资源投放运营相关经验，并对效果广告有理解。\n
25924-大数据平台开发工程师（深圳）,负责腾讯游戏大数据应用系统的后端开发工作，处理包括高并发场景or复杂业务逻辑下数据平台的开发设计工作,"本科及以上学历，计算机相关专业，3年及以上相关工作经验,有扎实的计算机理论基础，对数据结构，设计模式有深度的了解；  \r\n开发语言golang、php、java不限，至少精通掌握一种； 对一些开发框架的原理\u0026源码都有一定的了解（如laravel）\r\n具备大容量、高性能复杂系统的设计和架构能力，能够快速根据需求完成系统设计和开发，有良好的团队合作意识，能适应高强度的开发节奏；\r\n良好的学习能力、沟通能力、适应能力，责任心强，能在压力下独立解决问题； 热爱互联网，喜欢挑战者优先； 具备良好的学习能力、分析解决问题能力。"
PCG10-搜索C++后台开发高级工程师,负责浏览器搜索中心业务服务的后台开发工作，通过对业务架构的合理设计与实现支持业务需求的快速实现，支持业务的高速发展；\n系统分析搜索质量，针对性的提出优化策略与方法并实施，对优化效果负责；\n负责搜索基础组件的研发工作，包括分布式检索系统、Query理解模块、分布式存储等方向；\n后台服务的设计、重构、性能优化等工作。,精通C/C++编程，熟悉Linux平台、shell脚本，对数据结构和算法设计有较为深刻的理解；\n熟悉多线程/多进程程序开发，对异步、并发技术有深入理解；\n从事过搜索引擎相关开发工作；\n熟悉TCP/IP HTTP等网络协议，具备海量服务器开发经验者优先；\n本科及以上相关专业学历，5年及以上工作经验；\n具有良好的沟通能力，团队合作能力，自我管理能力，较强的抗压能力。
PCG10-搜索C++后台开发工程师,负责浏览器搜索中心业务服务的后台开发工作，通过对业务架构的合理设计与实现支持业务需求的快速实现，支持业务的高速发展；\n系统分析搜索质量，针对性的提出优化策略与方法并实施，对优化效果负责；,精通C/C++编程，熟悉Linux平台、shell脚本，对数据结构和算法设计有较为深刻的理解；\n熟悉多线程/多进程程序开发，对异步、并发技术有深入理解；\n熟悉TCP/IP HTTP等网络协议，具备海量服务器开发经验者优先；\n本科及以上相关专业学历，2年及以上工作经验；\n具有良好的沟通能力，团队合作能力，自我管理能力，较强的抗压能力。
29316-组织发展经理（深圳）,1.组织有效性相关产品研发及专业服务，包括：参与或主导在组织有效性评估、组织诊断、组织设计等方面相关工具产品的研发及推广；\n2.根据公司发展的需要，针对行业标杆企业做有针对性的研究，为公司未来的组织发展和优化提供有价值的参考或根据需要给出专业的建议\n3.配合组织发展总监结合腾讯集团内部不同的事业群、线和部门，梳理和总结组织设计的最佳实践，为公司内部组织优化提供参考；\n4.参与及协助公司级、事业群级组织有效性诊断和并提供有效的解决方案，配合事业群、线或重点业务部门的发展需要，根据项目的规模和复杂性，作为Co-PM或核心项目成员主导或参与到组织有效性诊断的项目中，为内部客户提供专业的解决方案；\n5.组织设计和优化赋能：协助对项目、管理实践等进行案例总结及做好知识管理、资源库的建立；\n6.设计及开发各种形式的针对HRD、OD、BP等同事的组织评估、设计、优化工具及方法等相关专业知识和技术的赋能。\n7.参与组织绩效、个人绩效体系的优化和相关工具开发。,1.本科及以上学历；5年及以上相关工作经验；\n2.认同公司企业文化，敬业和自我激励；\n3.较好系统性思维、善于分析、提炼总结，及快速学习能力；\n4.良好的口头和书面表达能力、沟通协调和组织能力；\n客户导向强，良好的团队合作意识和能力，同时具备较强的推动及执行落地能力；\n5.有组织有效性评估诊断、组织设计及组织变革、集团管控、绩效体系设计等相关专业知识及项目运作经验者优先；兼具知名人力资源咨询公司工作经验及企业组织发展工作经验者优先；具备海外学习或工作经历者优先。
TEG02-网管系统后台开发工程师（深圳）,负责网络基础架构网管系统后台架构设计与性能优化；\r\n负责海量网络设备分布式采集与控制；\r\n负责网管后台模块的运营和维护，保证系统稳定运行；\r\n参与网管系统的后台需求分析、解决方案设计等工作。,计算机、通信相关专业本科以上学历；\r\n3年以上linux服务器端软件开发经验；\r\n编程基本功扎实，精通C/C++或者Java语言，熟悉Python等脚本语言；\r\n精通TCP/IP协议相关知识及网络编程；\r\n精通Unix/Linux环境和系统编程，熟悉服务器编程模型；\r\n熟悉mysql数据库及相关编程；\r\n善于沟通及主动思考总结，倡导创新与持续优化，思路周密，代码严谨，对技术有强烈兴趣；\r\n有良好的团队合作能力，有强烈的主人翁意识推进事务进展。
TEG02-自研交换机测试高级工程师（深圳）（深圳总部）,负责自研交换机系统，功能，场景测试工作，负责测试工作分解，测试流程制定；\r\n负责主导自研交换机内部测试，交付测试，上线支持等工作；\r\n负责主导自研交换机外部合作测试的工作分解，跟踪，质量验收等工作。,熟悉交换机等网络设备OS，LINUX，L2/L3/QOS/ACL/BGP/OSPF/PORT等功能测试；\r\n熟悉交换机等网络设备自动化框架开发，自动化脚本编写，熟悉自动化运作原理；\r\n熟悉数据中心典型应用场景(例如10G/25G)、拓扑，有数据中心场景商用产品交付经验者优先；\r\n有从事交换机等网络设备商用测试工作5 ~ 10年工作经验者优先。
TEG02-自研交换机测试高级工程师（深圳）（北京）,负责自研交换机系统，功能，场景测试工作，负责测试工作分解，测试流程制定；\r\n负责主导自研交换机内部测试，交付测试，上线支持等工作；\r\n负责主导自研交换机外部合作测试的工作分解，跟踪，质量验收等工作。,熟悉交换机等网络设备OS，LINUX，L2/L3/QOS/ACL/BGP/OSPF/PORT等功能测试；\r\n熟悉交换机等网络设备自动化框架开发，自动化脚本编写，熟悉自动化运作原理；\r\n熟悉数据中心典型应用场景(例如10G/25G)、拓扑，有数据中心场景商用产品交付经验者优先；\r\n有从事交换机等网络设备商用测试工作5 ~ 10年工作经验者优先。
TEG02-光网络控制系统高级测试工程师（北京）,负责开放光网络控制系统的测试，包括制定测试方案和计划，搭建测试环境、编写测试用例、执行系统测试、输出测试报告等；\n负责开放光网络控制系统测试规范、测试流程的建设和优化、培养开放光网络控制系统测试人员；\n负责测试开放光网络控制系统缺陷并协助分析、定位问题，及时合理解决问题，保证产品质量和研发进度；\n负责开放光网络控制系统软件打包、发布及版本控制，现网问题定位解决；\n负责新技术方案验证，评估其可行性、稳定性； \n,大学本科或以上学历，计算机相关专业； \n5年以上网络系统测试工作经验，熟悉ODL平台，熟悉软件测试、系统测试流程及相关工具，需要有较强的质量意识和客户服务意识； \n熟悉传输系统原理，具备传输系统控制器或网管测试经验优先；\n熟悉Linux系统环境，熟练掌握Linux基本工具的使用，至少掌握一种自动化测试脚本语言（如Python，shell，TCL等），能编写自动化测试程序；\n对网络系统测试有浓厚的兴趣，并有持续深钻技术的学习能力；\n有良好的计划、沟通、组织协调能力、语言表达能力；较强的逻辑分析能力和应变能力；良好的团队合作精神； \n
22989-Windows研发工程师(深圳）,负责音视频会议场景的Windows App架构设计与研发工作；\n负责项目的Windows端技术攻坚。,3年以上相关工作经验；\n责任感强，逻辑思维能力、沟通能力强，能够承担工作压力；\n了解MFC/Windows界面实现机制，熟练使用VC，精通C/C++，熟练使用STL；\n理解Windows操作系统的内存管理、文件系统、进程线程调度、网络编程；\n了解Windows系统安全管理和配置，具备基本的驱动开发、调试能力；\n熟悉一种或者几种注入hook技术；\n熟悉Windows调试，熟悉windbg、dump分析，蓝屏分析\n注重模块化，有良好的编程习惯；\n参与开源项目加分；\n有大型音视频项目开发经验者优先。  通过腾讯云技术认证或同等资格认证的优先录取。
21309-企鹅辅导高级产品策划经理（用户增长/付费转化方向）,负责企鹅辅导用户增长和付费转化两个大方向，包括：\n1. 负责企鹅辅导在微信生态以及QQ生态获客，包括但不限于学习工具和承载轻量内容的小程序的产品设计、分享裂变，目标是让更多用户触达到企鹅辅导，了解和信任企鹅辅导提供的内容；\n2. 负责把触达到的用户转化成班课付费用户，包含但不限于运营工具的产品设计，配合运营的售卖激励等。,1. 本科及以上学历，3年以上在线教育或电商相关产品经验；\n2. 了解微信生态，有用户增长或付费转化成功项目经验者更佳；\n3. 责任心强，积极主动，推动能力强，能够敏锐地发现问题，创造性地给出解决方案，并积极推进落地实施；\n4. 有独立带人和带小团队负责相对完整模块业务的能力。
18425-收支管理产品经理,负责境内外多个支付平台各业务的收入、成本管理，包括但不限于以下内容：\n1、参与收入、成本的管理平台建设，保障收入、成本的准确性，应收回款效率，收益结转效率，收入上报集团效率等；\n2、参与各业务项目新的收费点、成本点分析，制定收支接入方案，集中管理；\n3、结合业务、财务诉求，制定各业务多维度分析报表及收支风险监控\n,1、本科以上学历，2年及以上支付或金融行业相关的清结算类产品策划经验\n2、善于快速学习、分析与解决问题，具有较强的逻辑思维与抽象能力\n3、具有一定的数据、合规、风险敏感度，能细致处理问题\n4、具有较强的项目管理能力及执行力，能独立负责产品规划\u0026运营\n5、具备乐观及积极的心态，抗压能力及责任感强，踏实认真，善于沟通与协作\n
29912-微视功能运营高级经理,1、结合微视业务场景与用户交互行为，完成需求的收集、分析与整理，功能联动创意玩法及闭环体验的整体链路及优化迭代；\n2、挖掘微视玩法潜力，整合运营内容、交互场景，建立玩法功能运营策略；\n3、围绕打造爆款玩法、产品运营活动的策划与推进，以及产品营销工具的底层能力建设；\n4、数据整理与分析能力；,1、具有强抗压，严密的逻辑分析能力，良好的沟通协作能力；\n2、有网媒经验、剧本策划，用户玩法经验优先；\n3、良好的创意能力与协作能力；
PCG15-GO/C++/Java后台开发工程师（深圳）,负责NOW直播业务的后台开发及维护；\r\n负责QQ群视频平台业务的开发和维护；\r\n负责互动直播类相关海量后台的架构设计、实现和维护。,"本科及以上学历，计算机相关专业；\n具备Unix/Linux下C/C++/Java/Go其中至少一门语言 1年以上开发经验， 熟悉常用的数据结构、算法设计；\n精通TCP/IP协议，进程间通讯编程，熟悉Unix/Linux下常用架构设计方法；\n熟悉Unix/Linux操作系统原理、常用工具， 熟悉Mysql/Oracle等数据库管理、开发,SQL调优；\n全面的软件知识结构(操作系统、软件工程、设计模式、数据结构、数据库系统、网络安全)；\n具备良好的分析解决问题能力，能独立承担任务和有系统进度把控能力；\n责任心强,良好的对外沟通和团队协作能力；\n有大容量通信系统和大型互联网后台开发经验者优先。"
25928-GCloud游戏云平台高级架构师（深圳/上海）,负责GCloud平台系统架构，制定系统的整体技术规范和业务框架；\n承担业务需求分析并完成技术规划和系统设计工作；\n深入研究竞品，分析行业生态，帮助自身产品不断拓展。,5年以上系统建设，设计，架构经验，有一定技术视野；\n3年以上游戏开发经验，熟悉游戏系统架构，了解行业生态和业务痛点，有大型游戏技术经验者最佳；\n具备较强的团队管理能力和沟通能力，思维活跃，前瞻学习能力强；\n了解软件项目管理、敏捷管理方法论，在中大型项目中有所实践；\n全日制统招，计算机相关专业本科及以上学历。
25928-GCloud游戏云平台高级技术PM（偏技术实施顾问）,作为技术PM对接GCloud平台产品客户群，对接客户需求，跟进产品问题，解决客户痛点；\n深入挖掘客户需求，输出技术解决方案；\n作为需求owner，拉通内外部资源，推动解决方案落地；\n持续优化打磨产品技术方案和提升接入效率；\n规范和优化技术服务流程，提升服务质量和口碑。,2年以上技术开发经验，有游戏行业相关经验及游戏开发背景者最佳；\n1年以上团队管理或大型项目管理工作工作经验；\n熟悉游戏系统架构，具备很强的技术理解能力；\n有较强的沟通能力和服务意识，能从客户角度出发换位思考和推动问题闭环解决；\n具备强大的执行力和学习能力，工作主动性强；\n全日制统招，计算机相关专业本科及以上学历。
25928-高级图形开发工程师（深圳总部）,负责游戏引擎图形相关特性的开发；\n负责渲染流程和算法的优化，以及相关工具的开发；\n负责图形兼容性分析以及疑难问题的分析定位工作。,本科以上学历，精通C/C++，具备扎实的数据结构和算法基础，熟悉常用设计模式；\n具备计算机图形学知识，熟练掌握3D图形渲染技术，熟悉OpenGL以及Shader开发；\n熟练掌握3D游戏引擎架构， 熟悉3D引擎的接口和游戏制作流程；\n3年以上3D引擎（Unreal、Unity等）开发经验，一年以上渲染相关开发和优化经验；\n深刻理解客户端框架和其他核心模块的实现，有主导过核心模块的开发经验者优先；\n熟悉移动端GPU/CPU架构，有移动端渲染开发经验者优先；\n责任心强，善于沟通，对游戏前沿技术应用抱有热情。
25928-高级图形开发工程师（上海）,负责游戏引擎图形相关特性的开发；\n负责渲染流程和算法的优化，以及相关工具的开发；\n负责图形兼容性分析以及疑难问题的分析定位工作。,本科以上学历，精通C/C++，具备扎实的数据结构和算法基础，熟悉常用设计模式；\n具备计算机图形学知识，熟练掌握3D图形渲染技术，熟悉OpenGL以及Shader开发；\n熟练掌握3D游戏引擎架构， 熟悉3D引擎的接口和游戏制作流程；\n3年以上3D引擎（Unreal、Unity等）开发经验，一年以上渲染相关开发和优化经验；\n深刻理解客户端框架和其他核心模块的实现，有主导过核心模块的开发经验者优先；\n熟悉移动端GPU/CPU架构，有移动端渲染开发经验者优先；\n责任心强，善于沟通，对游戏前沿技术应用抱有热情。
25928-Unreal客户端开发工程师 (深圳)  ,负责将AI机器学习技术应用到UE4的游戏中；\n负责将前沿的图形动画技术应用到UE4中；\n负责UE4引擎相关工具开发。,本科以上学历，2年及以上UE4开发经验；\n精通C++，具备扎实的数据结构和算法基础；\n具备1到2款大型3D游戏开发经验优先；\n欢迎喜欢AI、积极进取、学习能力强、善于沟通合作、热爱技术的同学加入。
27560-版本管理（深圳）,跟进协助海外发行商版本计划制定，确定项目组运营需求并推动开发商制作；\n负责引进游戏产品的各阶段版本管理工作，保证版本稳定性； \n跟进游戏版本测试、版本部署、版本发布等版本流程各环节工作； \n负责游戏相关的产品、运营、技术、市场类文档和素材的翻译跟进沟通需求；\n跟进协调研研发团队和海外IP方之间的IP监修、研发计划制定、研发进展同步；\n推动与开发商之间建立有效的合作沟通机制及良好的信任合作关系。,有3年以上项目管理或游戏运营经验；\n英语流利，具备良好的沟通能力\\文字组织能力\\商务谈判能力；\n良好的逻辑思维\\分析总结能力\\数据敏感性，有强烈的责任感和团队合作精神，抗压能力强；\n可接受海外地区出差，育碧游戏爱好者优先。
31504-腾讯云大客户架构咨询专家（北京）,1. 了解游戏相关各类场景及业务诉求\n2. 了解应用、系统、基础设施等各层技术实践及落地\n3. 侧重在公有云环境下运维保障方案，包括并不限于：线上问题管理、全维度全链路的监控管理、线上生产变更管理、故障容灾演练管理、大促重大活动管理以及稳定性文化建设\n4. 基于腾讯云已有的技术支撑保障体系，梳理提炼形成业务领域或特定行业场景的标准运维保障解决方案,1. 5年以上互联网行业相关工作经验，对以下一个或者几个领域有深入的理解：研发、运维、监控、售前/售后技术支持、技术咨询\n2. 对业务运维保障有丰富的实战经验，如复杂业务场景下的流程优化和过程改进、系统的高可用性架构实现、组织的稳定性意识提升等；\n3. 有从0到1运维保障体系的建设和运营经验（流程化、规范化、标准化、工具化、产品化、持续改进）；\n4. 对问题有清晰的分析逻辑和全局思维，能提出具有创造性的解决思路和方案，并有良好的沟通能力和结构化表达能力，以及团队合作意识；\n5. 有较强的抗压能力，能够并行处理多项工作\n6. 有良好的沟通能力、能通过影响他人拿到结果、乐观，快速学习能力强\n\n优先条件：\n1、有团队管理经验；\n2、有ITIL认证，有ITIL体系实践经验，有体系化思维能力；\n3、有PMP认证，有项目管理经验，有系统性解决问题能力；\n3、有6-SIGMA、CMMI认证。   通过腾讯云技术认证或同等资格认证的优先录取。
31504-腾讯云大客户架构咨询专家（上海）,1. 了解游戏相关各类场景及业务诉求\n2. 了解应用、系统、基础设施等各层技术实践及落地\n3. 侧重在公有云环境下运维保障方案，包括并不限于：线上问题管理、全维度全链路的监控管理、线上生产变更管理、故障容灾演练管理、大促重大活动管理以及稳定性文化建设\n4. 基于腾讯云已有的技术支撑保障体系，梳理提炼形成业务领域或特定行业场景的标准运维保障解决方案,1. 5年以上互联网行业相关工作经验，对以下一个或者几个领域有深入的理解：研发、运维、监控、售前/售后技术支持、技术咨询\n2. 对业务运维保障有丰富的实战经验，如复杂业务场景下的流程优化和过程改进、系统的高可用性架构实现、组织的稳定性意识提升等；\n3. 有从0到1运维保障体系的建设和运营经验（流程化、规范化、标准化、工具化、产品化、持续改进）；\n4. 对问题有清晰的分析逻辑和全局思维，能提出具有创造性的解决思路和方案，并有良好的沟通能力和结构化表达能力，以及团队合作意识；\n5. 有较强的抗压能力，能够并行处理多项工作\n6. 有良好的沟通能力、能通过影响他人拿到结果、乐观，快速学习能力强\n\n优先条件：\n1、有团队管理经验；\n2、有ITIL认证，有ITIL体系实践经验，有体系化思维能力；\n3、有PMP认证，有项目管理经验，有系统性解决问题能力；\n3、有6-SIGMA、CMMI认证。   通过腾讯云技术认证或同等资格认证的优先录取。
30361-社交产品经理-创新向,负责创新产品功能的产品策划，从产品概念提出、设计到推动实施； \n负责制定具体产品执行计划并保证其得到高效高质的项目执行； \n在所负责的项目中起到关键角色，和团队高效合作，并推动跨部门合作； \n对所负责的模块进行数据跟踪，定期分析效果，跟踪用户行为。,1至3年社交相关产品经验，对社交产品充满热情；\n热爱互联网产品，喜欢研究新产品新方向，创新力强；\n有较强的沟通能力、逻辑分析能力，善于发现解决问题；\n责任心强，能够推进项目进程；\n社交产品、泛娱乐产品重度用户优先。
CSIG16-大数据AI高级工程师(北京),1. 利用海量腾讯系的定位数据（500亿）及形成的用户轨迹数据，进行海量数据模型设计、数据ETL开发，实现智能化处理和自动化入库；\r\n2. 应用机器学习技术，建立道路数据画像，构建实时的基础数据的挖掘模型，提升位置服务能力\r\n3. 研发智能交通出行领域中的关键机器学习算法，以及模型算法的产品化,机器学习／计算机／数学相关方向硕士以上学历或 3 年以上工作经验，有较强的学习能力及创新能力;\r\n熟悉C/C++语言、Python、Java任意一种语言，较强的算法和数据结构功底;\r\n对机器学习基础理论及常用算法有深刻的理解，具备出色的工程实践能力；\r\n在机器学习或者机器学习应用（包括但不限于搜索/推荐／自然语言处理／计算广告／图像处理等方向）方向有2年以上相关项目经验；\r\n良好的沟通能力及团队协作能力，较强的进取心和事业心。
S2-区块链应用开发工程师（深圳）,负责基于区块链技术的产品设计与研发工作；\n负责腾讯内部财务IT应用系统的设计与研发工作。,计算机软件相关专业本科以上学历；\n3年以上linux服务器端C/C++开发经验，编程基本功扎实，熟悉软件工程和测试方法；\n熟悉区块链平台技术和特点（如：比特币、以太坊、Fabric等），理解智能合约的概念；\n有服务器端大容量、高性能编程框架应用实战经验，熟悉mysql数据库和KV数据库编程；\n精通TCP/IP、HTTPS协议相关知识及网络编程；\n思路清晰、周密，能主动思考总结，乐于与人沟通；\n有良好的团队合作及抗压能力，有主人翁意识推进事务进展。
S2-高级web前端开发工程师,负责腾讯内部财务系统的web前端开发工作，包括PC、移动端、小程序的前端页面开发及性能优化；负责前端架构建设，公共组件的设计与开发\n\n,本科及以上学历，计算机相关专业； \n5年以上Web前端开发经验； 能够熟练运用HTML、CSS、JavaScript构建高性能的web应用程序； \n能够熟练运用至少一款主流的JS框架（如vue、react等），具有良好的代码风格、接口设计与程序架构； \n有Node.js和小程序开发经验者优先；有交互设计思维更优； 思路清晰，具备良好的沟通能力和团队协作精神。
33370-车联网高级服务管理工程师（深圳） ,负责业务各项管理流程的建设，负责组织相关流程的推行； \n负责对服务工单平台的质量进行度量，分析，形成可执行的流程跟进落地； \n负责客户方案实以及运营过程中发现、收集流程与质量问题并通过事件、变更、问题管理，推动、跟踪问题的解决； \n负责团队内流程服务的文档管理工作，重点包括服务目录建设、服务级别协议制定、服务汇报与客户满意度运营；\n对已颁布流程进行监控以保证其执行，反馈执行情况，并对此过程中发现的问题给出解决建议；  \n整理输出流程缺陷并跟进落实流程的执行，帮助服务团队提升服务质量和研发运营效能。,"本科、硕士（含）以上，5年以上工作经验；\n必须具备ITIL/PMP/Agile/ITSM等流程/项目管理体系知识与相关认证一个或多个;\n对质量保障体、IT服务管理、软件工程等有深入了解；\n对存储/数据分析/系统架构有一定的技术积累,有linux/windows系统运维管理经验;\n具备组织能力，和较强的推动力，能够根据情况需要制定和调整客户运营流程以及过程质量实施策略落地与改进； \n具备较强的数据分析以及流程识别能力，能独立给出运营流程交付物和质量问题的解决方案。"
32032-游戏系统策划（上海）,主导设计并跟进模拟经营类游戏的玩法、操作，商业化模块以及相关系统的设计和制作；\n撰写对应的设计文档，参与相关界面的交互设计；\n在开发过程中实时跟进并调优，确保按时且保质保量的制作出对应的系统。,至少5年以上的模拟经营类游戏策划工作经历以及1款完整的上线项目经验；\n负责过主要系统模块的设计和商业化模块的设计；\n具备良好的沟通协作能力，熟悉如何推动设计落地；\n热爱游戏，有良好的游戏文化背景；\n日语优秀者优先考虑。
27092-商业化Android高级开发工程师（深圳）,1.负责应用宝商业化开发，包括游戏/广告的整体商业化系统开发。\n2.负责短视频产品商业化，具体为实现广告全链路及商业化展示，包括动态化方案的开发。\n3.负责信息流及视频广告在Android下的应用开发\n4.负责游戏裂变及云游戏等创新方向的应用开发,三年以上Android成熟互联网行业项目开发经验，主导过核心功能模块的设计实现\n熟悉Android框架及各种特性，熟练运用相关开发工具\n熟悉常用的设计模式，精通移动客户端程序设计方法以及安全的应用层协议设计，有良好的架构能力\n具备分析解决问题能力，能独立承担任务和有系统进度把控能力\n工作积极主动，有强烈的责任感和严谨的工作作风，对技术有热情，对移动产品有浓厚兴趣\n\n有SDK类项目架构经验优先\n有RN/Weex/Flutter等大前端实践经验优先\n有Tensorflow OpenCV等开发经验优先\n同时具备iOS开发能力优先
WXG01-113 微信后台开发工程师（广州）,负责微信基础产品的平台和运营能力建设；\n参与微信基础产品的数据平台设计和搭建；\n参与微信产品核心数据的维护和监控；\n参与微信基础数据服务框架的开发和维护。\n,"2年以上Unix、Linux操作系统的C、C++项目的开发经验；\n熟悉网络编程，精通TCP/IP协议及编程，熟悉互联网应用协议；\n具有高并发、高性能服务系统设计经验及能力，能独立承担任务和有系统进度把控能力；\n熟悉python、bash 等脚本语言；\n熟练掌握SQL或其他数据库语言；\n良好的代码编写习惯, 有进取心, 求知欲强烈, 具备良好的分析解决问题能力；\n有游戏、海量服务、高性能、分布式系统设计、开发经验者优先。"
27020-云计算开发工程师（深圳）,"在腾讯云上部署以及扩展 JupyterHub, JupyterLab。\n基于 JupyterLab 开发可视化插件。\n开发和部署云 HPC 计算任务和数据库服务的中间件。\n研发化学模拟计算任务的管理工具。","精通 Linux 操作系统；\n精通前端，中间件相关的编程语言，开发工具，测试工具；\n熟悉虚拟化技术和容器编排的知识；\n熟悉各平台和工具 (Linux, Python, Node 等) 的包管理工具；\n有学习热情和团队协作精神。"
PCG10-浏览器搜索后台工程师,大规模分布式内容平台的设计和开发；\n参与项目的架构设计、评审、技术攻坚及优化\n建立搜索内容体系，完成产品需求并负责提升服务质量；\n,1.两年以上工作经验，计算机基础扎实，熟练掌握C++编程，代码简洁清晰；\n2.熟悉linux开发，网络编程，有高并发服务开发经验者优先；\n3.熟悉mysql/nosql的开发，有了解常用大数据基础组件的使用/原理者优先，如kafka/hadoop/hive/spark/ETL等；\n4.有较好的自主发现、分析、解决问题的能力，有数据驱动意识，推动业务发展；\n5.对技术有热情，有较好的学习能力和责任心；\n6.较好的沟通能力，团队协作意识，积极主动；
S2-Java应用开发工程师（深圳）,负责公司财务应用系统的设计与开发工作\r\n参与应用系统的需求分析、方案设计、开发与实施\r\n负责跟进应用系统上线后的运营监控与优化,掌握良好的计算机理论基础知识 五年以上工作经验，有三年以上大型公司（或系统）开发经验\r\n熟悉linux开发环境，熟悉多线程、网络编程;熟悉Oracle/MySQL/SQL语言，熟悉常用的数据结构与算法\r\n熟练掌握Java后台开发技巧，理解和掌握常用开发组件的原理与技巧，如：MyBatis、各类RPC框架、Zookeeper\r\n有大型分布式、服务化系统架构经验者优先\r\n良好的表达沟通能力，团队合作能力，主动性强，执行能力强，具备良好的问题定位分析能力
19838-影视艺人合作经理,统筹影业项目选角工作，为影视项目提供专业的演员选择标准、搭配建议及阵容评估；\n梳理科学的选角统筹体系，构建完善的选角工作流程机制，推动影业选角工作专业化、规范化、标准化；\n通过驻组、探班等形式，跟进影业项目的拍摄情况及艺人在组表现，掌控影业项目进展与艺人专业性及合作态度；\n长期维护艺人经纪公司资源拓展及艺人关系的，梳理互娱市场侧及影业的艺人合作资源及需求，在此基础上探寻与艺人合作机会，沉淀具有互娱属性的核心艺人。\n为战略合作艺人及新人制定专业的培养计划，因人制宜，根据艺人各自的优势及潜力点，为其匹配不同的影视项目及娱乐营销合作机会，稳步推动艺人成长，并反哺影业及互娱业务达成共赢。,大学本科及以上学历，3-5年选角及艺人合作经验，有艺人BD合作相关经验、影视行业媒拓经验、项目制作经验优先考虑；\n熟悉表演，对表演有认知，了解演技专业评判体系，具有丰富的影视圈资源及艺人资源，擅长拓展合作关系，熟悉艺人价格及市场行情；\n拥有良好的沟通、协调、统筹、社交能力，具备良好的行业敏感度和综合管理能力，抗压能力强。
19839-腾讯影业战略分析经理,研究与分析：对全球和中国影视、动漫、泛娱乐行业进行持续的监测与分析，关注行业前沿动态，探索新的商业模式和市场机会；研究影视、动漫行业全价值链环节，从对标视角开展行业研究。基于当前业务重点，主动提报研究选题，并自主或结伴推进专题研究，产出有洞察、可落地的结论，为管理层的策略制定及投资方向提供决策支持；\n立项与落地：作为嵌入核心业务的策略职能，研究是基础与起点。基于前瞻的预判、扎实的研究，推动相关业务和部门的业务发展与管理提升。\n,具备2-4年市场分析和战略规划工作经验（管理咨询、证券分析、市场研究、决策支持等角色），有个人认知与研究框架，中英文流利；\n对影视、动漫、泛娱乐行业有基本的了解，愿意将其作为长期的职业领域，对影视、动漫以及更广泛的泛娱乐、互联网有独特理解者加分；\n兼具单兵作战和团队协作的能力，在过往的职业经历中专业性和协作力得到普遍认可；\n具备在复杂业务环境下，自我驱动、结果导向、抗压求胜的特性。\n
33370-腾讯自动驾驶系统软件工程师（北京）,• 参与自动驾驶系统中间件项目的设计开发，构建高性能可扩展中间件。\n• 参与自主车系统软件定制化修改和实时性优化。\n• 负责自主驾驶汽车各功能模块接口设计与实现。 \n• 与各功能模块团队合作，自主驾驶系统完成集成并优化。,• 具有丰富的C/C++编程经验和良好的代码编写规范，精通GPU/NEON加速者优先\n• 具有丰富的Linux/Unix/RTOS系统编程和ROS开发经验，精通多线程/进程编程。\n• 熟悉分布式系统的设计和应用，有大型中间件系统开发经验。\n• 熟悉实时系统相关的数据分发、任务调度、性能评测方法。有DDS、SOME/IP等协议经验者尤佳。\n• 具有复杂系统软件架构设计和测试经验。 \n• 具备较好的沟通表达能力和团队合作精神。 \n• 具有自主驾驶车辆软件架构设计经验优先。
32257-媒介传播经理（深圳）,结合集团发展业绩财报分析拟定选题策划\n海外媒体/财经媒体关系维护及资源拓展\n重点媒体战略合/KOL及专家分析师拓展\n日常新闻传播媒介沟通及媒体活动执行\n,5年以上媒体或公关行业工作经历，有一定的媒体资源优先\n良好的英文听说读写能力和优秀的中/英文稿撰写能力\n擅长沟通及内容策划，有新闻或财经专业背景优先\n了解知识版权及音乐娱乐行业，学习及抗压能力强\n
21229-沙盒/生存类产品运营策划（上海）,负责沙盒类生存类产品的评测、分析；\r\n负责沙盒类生存类产品的分析和研究，并对本地化和商业化输出修改建议；\r\n分析产品数据和用户研究，针对数据及用研反馈调整产品内容计划；\r\n负责游戏运营工作，对游戏产品和用户体验负责。,对产品和用户理解力强，有自己的判断和见解；\r\n热爱游戏，有大量产品经验；\r\n3年以上游戏策划或评测相关经验；\r\n英文流利者优先。
